run,position,layer,host_hidden_read_ns,group_full_checks,rank0_full_checks,rank1_full_checks,rank0_reads,rank1_reads,rank0_read_bytes,rank1_read_bytes
control-0,0,0,14133209,4,2,2,1,1,8192,8192
control-0,0,1,14022298,4,2,2,1,1,8192,8192
control-0,0,2,14128239,4,2,2,1,1,8192,8192
control-0,0,3,14262879,4,2,2,1,1,8192,8192
control-0,0,4,14008209,4,2,2,1,1,8192,8192
control-0,0,5,14194969,4,2,2,1,1,8192,8192
control-0,0,6,14177319,4,2,2,1,1,8192,8192
control-0,0,7,14144919,4,2,2,1,1,8192,8192
control-0,0,8,14084869,4,2,2,1,1,8192,8192
control-0,0,9,14029789,4,2,2,1,1,8192,8192
control-0,0,10,14480459,4,2,2,1,1,8192,8192
control-0,0,11,14137139,4,2,2,1,1,8192,8192
control-0,0,12,14177598,4,2,2,1,1,8192,8192
control-0,0,13,14012099,4,2,2,1,1,8192,8192
control-0,0,14,14153709,4,2,2,1,1,8192,8192
control-0,0,15,14199199,4,2,2,1,1,8192,8192
control-0,0,16,14026609,4,2,2,1,1,8192,8192
control-0,0,17,14362169,4,2,2,1,1,8192,8192
control-0,0,18,14151009,4,2,2,1,1,8192,8192
control-0,0,19,14034228,4,2,2,1,1,8192,8192
control-0,0,20,14054568,4,2,2,1,1,8192,8192
control-0,0,21,14012339,4,2,2,1,1,8192,8192
control-0,0,22,14192439,4,2,2,1,1,8192,8192
control-0,0,23,14166919,4,2,2,1,1,8192,8192
control-0,0,24,14114629,4,2,2,1,1,8192,8192
control-0,0,25,14025849,4,2,2,1,1,8192,8192
control-0,0,26,14015379,4,2,2,1,1,8192,8192
control-0,0,27,14401349,4,2,2,1,1,8192,8192
control-0,0,28,14190779,4,2,2,1,1,8192,8192
control-0,0,29,14040599,4,2,2,1,1,8192,8192
control-0,0,30,14022579,4,2,2,1,1,8192,8192
control-0,0,31,14085419,4,2,2,1,1,8192,8192
control-0,0,32,14323239,4,2,2,1,1,8192,8192
control-0,0,33,14182719,4,2,2,1,1,8192,8192
control-0,0,34,14377039,4,2,2,1,1,8192,8192
control-0,0,35,14054269,4,2,2,1,1,8192,8192
control-0,1,0,14095859,4,2,2,1,1,8192,8192
control-0,1,1,13997909,4,2,2,1,1,8192,8192
control-0,1,2,14259959,4,2,2,1,1,8192,8192
control-0,1,3,14015009,4,2,2,1,1,8192,8192
control-0,1,4,14172889,4,2,2,1,1,8192,8192
control-0,1,5,14035979,4,2,2,1,1,8192,8192
control-0,1,6,14046309,4,2,2,1,1,8192,8192
control-0,1,7,14354568,4,2,2,1,1,8192,8192
control-0,1,8,14143559,4,2,2,1,1,8192,8192
control-0,1,9,14231099,4,2,2,1,1,8192,8192
control-0,1,10,14012428,4,2,2,1,1,8192,8192
control-0,1,11,14338099,4,2,2,1,1,8192,8192
control-0,1,12,14330029,4,2,2,1,1,8192,8192
control-0,1,13,14214509,4,2,2,1,1,8192,8192
control-0,1,14,14403189,4,2,2,1,1,8192,8192
control-0,1,15,14305239,4,2,2,1,1,8192,8192
control-0,1,16,14297649,4,2,2,1,1,8192,8192
control-0,1,17,14146209,4,2,2,1,1,8192,8192
control-0,1,18,14173219,4,2,2,1,1,8192,8192
control-0,1,19,14629859,4,2,2,1,1,8192,8192
control-0,1,20,14317679,4,2,2,1,1,8192,8192
control-0,1,21,14248219,4,2,2,1,1,8192,8192
control-0,1,22,14192189,4,2,2,1,1,8192,8192
control-0,1,23,14287559,4,2,2,1,1,8192,8192
control-0,1,24,14261619,4,2,2,1,1,8192,8192
control-0,1,25,14194078,4,2,2,1,1,8192,8192
control-0,1,26,14606849,4,2,2,1,1,8192,8192
control-0,1,27,14322829,4,2,2,1,1,8192,8192
control-0,1,28,14171829,4,2,2,1,1,8192,8192
control-0,1,29,14192529,4,2,2,1,1,8192,8192
control-0,1,30,14300319,4,2,2,1,1,8192,8192
control-0,1,31,14565509,4,2,2,1,1,8192,8192
control-0,1,32,14201279,4,2,2,1,1,8192,8192
control-0,1,33,14174519,4,2,2,1,1,8192,8192
control-0,1,34,14340409,4,2,2,1,1,8192,8192
control-0,1,35,14359279,4,2,2,1,1,8192,8192
control-0,2,0,14085759,4,2,2,1,1,8192,8192
control-0,2,1,14148659,4,2,2,1,1,8192,8192
control-0,2,2,14330239,4,2,2,1,1,8192,8192
control-0,2,3,14018789,4,2,2,1,1,8192,8192
control-0,2,4,14150809,4,2,2,1,1,8192,8192
control-0,2,5,14051559,4,2,2,1,1,8192,8192
control-0,2,6,14123988,4,2,2,1,1,8192,8192
control-0,2,7,14433539,4,2,2,1,1,8192,8192
control-0,2,8,15693670,4,2,2,1,1,8192,8192
control-0,2,9,14247749,4,2,2,1,1,8192,8192
control-0,2,10,14167608,4,2,2,1,1,8192,8192
control-0,2,11,14119449,4,2,2,1,1,8192,8192
control-0,2,12,13943289,4,2,2,1,1,8192,8192
control-0,2,13,13956718,4,2,2,1,1,8192,8192
control-0,2,14,14355929,4,2,2,1,1,8192,8192
control-0,2,15,14102558,4,2,2,1,1,8192,8192
control-0,2,16,14189689,4,2,2,1,1,8192,8192
control-0,2,17,13992219,4,2,2,1,1,8192,8192
control-0,2,18,14055658,4,2,2,1,1,8192,8192
control-0,2,19,14326609,4,2,2,1,1,8192,8192
control-0,2,20,14117748,4,2,2,1,1,8192,8192
control-0,2,21,14394389,4,2,2,1,1,8192,8192
control-0,2,22,14074359,4,2,2,1,1,8192,8192
control-0,2,23,13924868,4,2,2,1,1,8192,8192
control-0,2,24,13972019,4,2,2,1,1,8192,8192
control-0,2,25,14071599,4,2,2,1,1,8192,8192
control-0,2,26,14398559,4,2,2,1,1,8192,8192
control-0,2,27,13896768,4,2,2,1,1,8192,8192
control-0,2,28,14156009,4,2,2,1,1,8192,8192
control-0,2,29,14008938,4,2,2,1,1,8192,8192
control-0,2,30,13928669,4,2,2,1,1,8192,8192
control-0,2,31,13932509,4,2,2,1,1,8192,8192
control-0,2,32,14077879,4,2,2,1,1,8192,8192
control-0,2,33,14291659,4,2,2,1,1,8192,8192
control-0,2,34,13937158,4,2,2,1,1,8192,8192
control-0,2,35,13982049,4,2,2,1,1,8192,8192
control-0,3,0,13988429,4,2,2,1,1,8192,8192
control-0,3,1,13960009,4,2,2,1,1,8192,8192
control-0,3,2,14433979,4,2,2,1,1,8192,8192
control-0,3,3,14089659,4,2,2,1,1,8192,8192
control-0,3,4,14503799,4,2,2,1,1,8192,8192
control-0,3,5,14445439,4,2,2,1,1,8192,8192
control-0,3,6,14150299,4,2,2,1,1,8192,8192
control-0,3,7,13966999,4,2,2,1,1,8192,8192
control-0,3,8,14592469,4,2,2,1,1,8192,8192
control-0,3,9,14606090,4,2,2,1,1,8192,8192
control-0,3,10,14540689,4,2,2,1,1,8192,8192
control-0,3,11,14445189,4,2,2,1,1,8192,8192
control-0,3,12,14639789,4,2,2,1,1,8192,8192
control-0,3,13,14621989,4,2,2,1,1,8192,8192
control-0,3,14,14898219,4,2,2,1,1,8192,8192
control-0,3,15,14485899,4,2,2,1,1,8192,8192
control-0,3,16,14218518,4,2,2,1,1,8192,8192
control-0,3,17,14335149,4,2,2,1,1,8192,8192
control-0,3,18,14446679,4,2,2,1,1,8192,8192
control-0,3,19,14594079,4,2,2,1,1,8192,8192
control-0,3,20,14356559,4,2,2,1,1,8192,8192
control-0,3,21,14628979,4,2,2,1,1,8192,8192
control-0,3,22,14537559,4,2,2,1,1,8192,8192
control-0,3,23,14476469,4,2,2,1,1,8192,8192
control-0,3,24,14733029,4,2,2,1,1,8192,8192
control-0,3,25,14518989,4,2,2,1,1,8192,8192
control-0,3,26,14521839,4,2,2,1,1,8192,8192
control-0,3,27,14328229,4,2,2,1,1,8192,8192
control-0,3,28,14395069,4,2,2,1,1,8192,8192
control-0,3,29,14529919,4,2,2,1,1,8192,8192
control-0,3,30,14698879,4,2,2,1,1,8192,8192
control-0,3,31,14925179,4,2,2,1,1,8192,8192
control-0,3,32,14235539,4,2,2,1,1,8192,8192
control-0,3,33,14452569,4,2,2,1,1,8192,8192
control-0,3,34,14311469,4,2,2,1,1,8192,8192
control-0,3,35,14375439,4,2,2,1,1,8192,8192
paired-0,0,0,3882113,2,0,0,1,1,8192,8192
paired-0,0,1,4026303,2,0,0,1,1,8192,8192
paired-0,0,2,4070882,2,0,0,1,1,8192,8192
paired-0,0,3,4158883,2,0,0,1,1,8192,8192
paired-0,0,4,3950663,2,0,0,1,1,8192,8192
paired-0,0,5,3871773,2,0,0,1,1,8192,8192
paired-0,0,6,3983193,2,0,0,1,1,8192,8192
paired-0,0,7,4061863,2,0,0,1,1,8192,8192
paired-0,0,8,4107683,2,0,0,1,1,8192,8192
paired-0,0,9,4043052,2,0,0,1,1,8192,8192
paired-0,0,10,4017813,2,0,0,1,1,8192,8192
paired-0,0,11,3907112,2,0,0,1,1,8192,8192
paired-0,0,12,3919803,2,0,0,1,1,8192,8192
paired-0,0,13,4148823,2,0,0,1,1,8192,8192
paired-0,0,14,4133502,2,0,0,1,1,8192,8192
paired-0,0,15,4039822,2,0,0,1,1,8192,8192
paired-0,0,16,4017903,2,0,0,1,1,8192,8192
paired-0,0,17,4139983,2,0,0,1,1,8192,8192
paired-0,0,18,4026343,2,0,0,1,1,8192,8192
paired-0,0,19,4141072,2,0,0,1,1,8192,8192
paired-0,0,20,3957603,2,0,0,1,1,8192,8192
paired-0,0,21,3867903,2,0,0,1,1,8192,8192
paired-0,0,22,4107183,2,0,0,1,1,8192,8192
paired-0,0,23,4013622,2,0,0,1,1,8192,8192
paired-0,0,24,3886912,2,0,0,1,1,8192,8192
paired-0,0,25,3870663,2,0,0,1,1,8192,8192
paired-0,0,26,4014022,2,0,0,1,1,8192,8192
paired-0,0,27,4024052,2,0,0,1,1,8192,8192
paired-0,0,28,3885832,2,0,0,1,1,8192,8192
paired-0,0,29,3964512,2,0,0,1,1,8192,8192
paired-0,0,30,4030753,2,0,0,1,1,8192,8192
paired-0,0,31,4026573,2,0,0,1,1,8192,8192
paired-0,0,32,4003702,2,0,0,1,1,8192,8192
paired-0,0,33,3874992,2,0,0,1,1,8192,8192
paired-0,0,34,3893443,2,0,0,1,1,8192,8192
paired-0,0,35,4008753,2,0,0,1,1,8192,8192
paired-0,1,0,3730163,2,0,0,1,1,8192,8192
paired-0,1,1,3965803,2,0,0,1,1,8192,8192
paired-0,1,2,3875793,2,0,0,1,1,8192,8192
paired-0,1,3,3885382,2,0,0,1,1,8192,8192
paired-0,1,4,4024763,2,0,0,1,1,8192,8192
paired-0,1,5,4017742,2,0,0,1,1,8192,8192
paired-0,1,6,4029943,2,0,0,1,1,8192,8192
paired-0,1,7,3877052,2,0,0,1,1,8192,8192
paired-0,1,8,3876983,2,0,0,1,1,8192,8192
paired-0,1,9,4017463,2,0,0,1,1,8192,8192
paired-0,1,10,4043823,2,0,0,1,1,8192,8192
paired-0,1,11,3871073,2,0,0,1,1,8192,8192
paired-0,1,12,3942552,2,0,0,1,1,8192,8192
paired-0,1,13,4008372,2,0,0,1,1,8192,8192
paired-0,1,14,3927273,2,0,0,1,1,8192,8192
paired-0,1,15,3872403,2,0,0,1,1,8192,8192
paired-0,1,16,4007643,2,0,0,1,1,8192,8192
paired-0,1,17,4000342,2,0,0,1,1,8192,8192
paired-0,1,18,4002412,2,0,0,1,1,8192,8192
paired-0,1,19,3882832,2,0,0,1,1,8192,8192
paired-0,1,20,3720442,2,0,0,1,1,8192,8192
paired-0,1,21,3856293,2,0,0,1,1,8192,8192
paired-0,1,22,4013543,2,0,0,1,1,8192,8192
paired-0,1,23,4060192,2,0,0,1,1,8192,8192
paired-0,1,24,3876723,2,0,0,1,1,8192,8192
paired-0,1,25,3979932,2,0,0,1,1,8192,8192
paired-0,1,26,4012942,2,0,0,1,1,8192,8192
paired-0,1,27,4035492,2,0,0,1,1,8192,8192
paired-0,1,28,4016242,2,0,0,1,1,8192,8192
paired-0,1,29,3882062,2,0,0,1,1,8192,8192
paired-0,1,30,3890773,2,0,0,1,1,8192,8192
paired-0,1,31,4040892,2,0,0,1,1,8192,8192
paired-0,1,32,4029613,2,0,0,1,1,8192,8192
paired-0,1,33,3886192,2,0,0,1,1,8192,8192
paired-0,1,34,3979182,2,0,0,1,1,8192,8192
paired-0,1,35,4029943,2,0,0,1,1,8192,8192
paired-0,2,0,3875682,2,0,0,1,1,8192,8192
paired-0,2,1,3876193,2,0,0,1,1,8192,8192
paired-0,2,2,3726853,2,0,0,1,1,8192,8192
paired-0,2,3,3889262,2,0,0,1,1,8192,8192
paired-0,2,4,4017112,2,0,0,1,1,8192,8192
paired-0,2,5,4030083,2,0,0,1,1,8192,8192
paired-0,2,6,4013382,2,0,0,1,1,8192,8192
paired-0,2,7,4091743,2,0,0,1,1,8192,8192
paired-0,2,8,3882832,2,0,0,1,1,8192,8192
paired-0,2,9,3956302,2,0,0,1,1,8192,8192
paired-0,2,10,4026772,2,0,0,1,1,8192,8192
paired-0,2,11,4018083,2,0,0,1,1,8192,8192
paired-0,2,12,4010923,2,0,0,1,1,8192,8192
paired-0,2,13,3916322,2,0,0,1,1,8192,8192
paired-0,2,14,3756812,2,0,0,1,1,8192,8192
paired-0,2,15,3966242,2,0,0,1,1,8192,8192
paired-0,2,16,4122652,2,0,0,1,1,8192,8192
paired-0,2,17,4110843,2,0,0,1,1,8192,8192
paired-0,2,18,3995433,2,0,0,1,1,8192,8192
paired-0,2,19,4011223,2,0,0,1,1,8192,8192
paired-0,2,20,4096012,2,0,0,1,1,8192,8192
paired-0,2,21,4029432,2,0,0,1,1,8192,8192
paired-0,2,22,3880422,2,0,0,1,1,8192,8192
paired-0,2,23,3898963,2,0,0,1,1,8192,8192
paired-0,2,24,4016663,2,0,0,1,1,8192,8192
paired-0,2,25,4082743,2,0,0,1,1,8192,8192
paired-0,2,26,4078682,2,0,0,1,1,8192,8192
paired-0,2,27,3944223,2,0,0,1,1,8192,8192
paired-0,2,28,4147322,2,0,0,1,1,8192,8192
paired-0,2,29,4180043,2,0,0,1,1,8192,8192
paired-0,2,30,4031433,2,0,0,1,1,8192,8192
paired-0,2,31,3964563,2,0,0,1,1,8192,8192
paired-0,2,32,4007702,2,0,0,1,1,8192,8192
paired-0,2,33,4066043,2,0,0,1,1,8192,8192
paired-0,2,34,4047892,2,0,0,1,1,8192,8192
paired-0,2,35,3977003,2,0,0,1,1,8192,8192
paired-0,3,0,3973093,2,0,0,1,1,8192,8192
paired-0,3,1,3842993,2,0,0,1,1,8192,8192
paired-0,3,2,3837723,2,0,0,1,1,8192,8192
paired-0,3,3,3843052,2,0,0,1,1,8192,8192
paired-0,3,4,3902132,2,0,0,1,1,8192,8192
paired-0,3,5,3839723,2,0,0,1,1,8192,8192
paired-0,3,6,3919343,2,0,0,1,1,8192,8192
paired-0,3,7,3836362,2,0,0,1,1,8192,8192
paired-0,3,8,3794542,2,0,0,1,1,8192,8192
paired-0,3,9,3830022,2,0,0,1,1,8192,8192
paired-0,3,10,3990433,2,0,0,1,1,8192,8192
paired-0,3,11,3966832,2,0,0,1,1,8192,8192
paired-0,3,12,3983203,2,0,0,1,1,8192,8192
paired-0,3,13,3973943,2,0,0,1,1,8192,8192
paired-0,3,14,3854313,2,0,0,1,1,8192,8192
paired-0,3,15,4182013,2,0,0,1,1,8192,8192
paired-0,3,16,3986282,2,0,0,1,1,8192,8192
paired-0,3,17,4050592,2,0,0,1,1,8192,8192
paired-0,3,18,3852512,2,0,0,1,1,8192,8192
paired-0,3,19,3879662,2,0,0,1,1,8192,8192
paired-0,3,20,4000482,2,0,0,1,1,8192,8192
paired-0,3,21,3990263,2,0,0,1,1,8192,8192
paired-0,3,22,3853013,2,0,0,1,1,8192,8192
paired-0,3,23,3844992,2,0,0,1,1,8192,8192
paired-0,3,24,4055082,2,0,0,1,1,8192,8192
paired-0,3,25,3836122,2,0,0,1,1,8192,8192
paired-0,3,26,3952303,2,0,0,1,1,8192,8192
paired-0,3,27,3999273,2,0,0,1,1,8192,8192
paired-0,3,28,4082452,2,0,0,1,1,8192,8192
paired-0,3,29,3853432,2,0,0,1,1,8192,8192
paired-0,3,30,3860532,2,0,0,1,1,8192,8192
paired-0,3,31,3975133,2,0,0,1,1,8192,8192
paired-0,3,32,3974132,2,0,0,1,1,8192,8192
paired-0,3,33,3842672,2,0,0,1,1,8192,8192
paired-0,3,34,3847053,2,0,0,1,1,8192,8192
paired-0,3,35,4056092,2,0,0,1,1,8192,8192
paired-1,0,0,3833002,2,0,0,1,1,8192,8192
paired-1,0,1,3960412,2,0,0,1,1,8192,8192
paired-1,0,2,4116712,2,0,0,1,1,8192,8192
paired-1,0,3,3935143,2,0,0,1,1,8192,8192
paired-1,0,4,4067123,2,0,0,1,1,8192,8192
paired-1,0,5,4073933,2,0,0,1,1,8192,8192
paired-1,0,6,4081782,2,0,0,1,1,8192,8192
paired-1,0,7,4155002,2,0,0,1,1,8192,8192
paired-1,0,8,4084743,2,0,0,1,1,8192,8192
paired-1,0,9,4150313,2,0,0,1,1,8192,8192
paired-1,0,10,4063133,2,0,0,1,1,8192,8192
paired-1,0,11,4161612,2,0,0,1,1,8192,8192
paired-1,0,12,3922522,2,0,0,1,1,8192,8192
paired-1,0,13,3932892,2,0,0,1,1,8192,8192
paired-1,0,14,4080572,2,0,0,1,1,8192,8192
paired-1,0,15,4095893,2,0,0,1,1,8192,8192
paired-1,0,16,4068543,2,0,0,1,1,8192,8192
paired-1,0,17,4075343,2,0,0,1,1,8192,8192
paired-1,0,18,4086193,2,0,0,1,1,8192,8192
paired-1,0,19,4081403,2,0,0,1,1,8192,8192
paired-1,0,20,4015862,2,0,0,1,1,8192,8192
paired-1,0,21,3937702,2,0,0,1,1,8192,8192
paired-1,0,22,4150512,2,0,0,1,1,8192,8192
paired-1,0,23,4081382,2,0,0,1,1,8192,8192
paired-1,0,24,3924053,2,0,0,1,1,8192,8192
paired-1,0,25,3940132,2,0,0,1,1,8192,8192
paired-1,0,26,4074012,2,0,0,1,1,8192,8192
paired-1,0,27,4076913,2,0,0,1,1,8192,8192
paired-1,0,28,3930933,2,0,0,1,1,8192,8192
paired-1,0,29,3946893,2,0,0,1,1,8192,8192
paired-1,0,30,4097393,2,0,0,1,1,8192,8192
paired-1,0,31,4139873,2,0,0,1,1,8192,8192
paired-1,0,32,4113292,2,0,0,1,1,8192,8192
paired-1,0,33,4012382,2,0,0,1,1,8192,8192
paired-1,0,34,4058232,2,0,0,1,1,8192,8192
paired-1,0,35,4147913,2,0,0,1,1,8192,8192
paired-1,1,0,3902162,2,0,0,1,1,8192,8192
paired-1,1,1,3923372,2,0,0,1,1,8192,8192
paired-1,1,2,4060333,2,0,0,1,1,8192,8192
paired-1,1,3,4044202,2,0,0,1,1,8192,8192
paired-1,1,4,4065612,2,0,0,1,1,8192,8192
paired-1,1,5,4003992,2,0,0,1,1,8192,8192
paired-1,1,6,3920743,2,0,0,1,1,8192,8192
paired-1,1,7,4000032,2,0,0,1,1,8192,8192
paired-1,1,8,3926262,2,0,0,1,1,8192,8192
paired-1,1,9,4051922,2,0,0,1,1,8192,8192
paired-1,1,10,4048502,2,0,0,1,1,8192,8192
paired-1,1,11,4053123,2,0,0,1,1,8192,8192
paired-1,1,12,3924593,2,0,0,1,1,8192,8192
paired-1,1,13,3908512,2,0,0,1,1,8192,8192
paired-1,1,14,4056833,2,0,0,1,1,8192,8192
paired-1,1,15,4042033,2,0,0,1,1,8192,8192
paired-1,1,16,3984232,2,0,0,1,1,8192,8192
paired-1,1,17,3955833,2,0,0,1,1,8192,8192
paired-1,1,18,4132433,2,0,0,1,1,8192,8192
paired-1,1,19,4122523,2,0,0,1,1,8192,8192
paired-1,1,20,4107362,2,0,0,1,1,8192,8192
paired-1,1,21,4106872,2,0,0,1,1,8192,8192
paired-1,1,22,3973922,2,0,0,1,1,8192,8192
paired-1,1,23,3987643,2,0,0,1,1,8192,8192
paired-1,1,24,4106252,2,0,0,1,1,8192,8192
paired-1,1,25,4208533,2,0,0,1,1,8192,8192
paired-1,1,26,3939712,2,0,0,1,1,8192,8192
paired-1,1,27,3978813,2,0,0,1,1,8192,8192
paired-1,1,28,4157042,2,0,0,1,1,8192,8192
paired-1,1,29,4150832,2,0,0,1,1,8192,8192
paired-1,1,30,4078843,2,0,0,1,1,8192,8192
paired-1,1,31,4000742,2,0,0,1,1,8192,8192
paired-1,1,32,4194763,2,0,0,1,1,8192,8192
paired-1,1,33,4142673,2,0,0,1,1,8192,8192
paired-1,1,34,3980393,2,0,0,1,1,8192,8192
paired-1,1,35,3988502,2,0,0,1,1,8192,8192
paired-1,2,0,4148493,2,0,0,1,1,8192,8192
paired-1,2,1,4180653,2,0,0,1,1,8192,8192
paired-1,2,2,3996593,2,0,0,1,1,8192,8192
paired-1,2,3,3921183,2,0,0,1,1,8192,8192
paired-1,2,4,4086672,2,0,0,1,1,8192,8192
paired-1,2,5,4063422,2,0,0,1,1,8192,8192
paired-1,2,6,4095132,2,0,0,1,1,8192,8192
paired-1,2,7,3918872,2,0,0,1,1,8192,8192
paired-1,2,8,4019762,2,0,0,1,1,8192,8192
paired-1,2,9,4082063,2,0,0,1,1,8192,8192
paired-1,2,10,3994002,2,0,0,1,1,8192,8192
paired-1,2,11,3905273,2,0,0,1,1,8192,8192
paired-1,2,12,4054662,2,0,0,1,1,8192,8192
paired-1,2,13,4050393,2,0,0,1,1,8192,8192
paired-1,2,14,3923823,2,0,0,1,1,8192,8192
paired-1,2,15,3911952,2,0,0,1,1,8192,8192
paired-1,2,16,4077763,2,0,0,1,1,8192,8192
paired-1,2,17,4048413,2,0,0,1,1,8192,8192
paired-1,2,18,4057823,2,0,0,1,1,8192,8192
paired-1,2,19,3977152,2,0,0,1,1,8192,8192
paired-1,2,20,3923302,2,0,0,1,1,8192,8192
paired-1,2,21,4135462,2,0,0,1,1,8192,8192
paired-1,2,22,4064463,2,0,0,1,1,8192,8192
paired-1,2,23,3999123,2,0,0,1,1,8192,8192
paired-1,2,24,3944372,2,0,0,1,1,8192,8192
paired-1,2,25,4106492,2,0,0,1,1,8192,8192
paired-1,2,26,4066212,2,0,0,1,1,8192,8192
paired-1,2,27,3935782,2,0,0,1,1,8192,8192
paired-1,2,28,3943382,2,0,0,1,1,8192,8192
paired-1,2,29,4076373,2,0,0,1,1,8192,8192
paired-1,2,30,4120383,2,0,0,1,1,8192,8192
paired-1,2,31,4079713,2,0,0,1,1,8192,8192
paired-1,2,32,4144193,2,0,0,1,1,8192,8192
paired-1,2,33,3941363,2,0,0,1,1,8192,8192
paired-1,2,34,4141872,2,0,0,1,1,8192,8192
paired-1,2,35,4062723,2,0,0,1,1,8192,8192
paired-1,3,0,4054402,2,0,0,1,1,8192,8192
paired-1,3,1,4077902,2,0,0,1,1,8192,8192
paired-1,3,2,4045163,2,0,0,1,1,8192,8192
paired-1,3,3,4060032,2,0,0,1,1,8192,8192
paired-1,3,4,4067532,2,0,0,1,1,8192,8192
paired-1,3,5,4064452,2,0,0,1,1,8192,8192
paired-1,3,6,4053163,2,0,0,1,1,8192,8192
paired-1,3,7,4114502,2,0,0,1,1,8192,8192
paired-1,3,8,4054202,2,0,0,1,1,8192,8192
paired-1,3,9,4154662,2,0,0,1,1,8192,8192
paired-1,3,10,4046713,2,0,0,1,1,8192,8192
paired-1,3,11,3970223,2,0,0,1,1,8192,8192
paired-1,3,12,3917393,2,0,0,1,1,8192,8192
paired-1,3,13,4054993,2,0,0,1,1,8192,8192
paired-1,3,14,4047532,2,0,0,1,1,8192,8192
paired-1,3,15,4036293,2,0,0,1,1,8192,8192
paired-1,3,16,4048432,2,0,0,1,1,8192,8192
paired-1,3,17,3932063,2,0,0,1,1,8192,8192
paired-1,3,18,3959202,2,0,0,1,1,8192,8192
paired-1,3,19,4052573,2,0,0,1,1,8192,8192
paired-1,3,20,4128493,2,0,0,1,1,8192,8192
paired-1,3,21,3901093,2,0,0,1,1,8192,8192
paired-1,3,22,4011843,2,0,0,1,1,8192,8192
paired-1,3,23,4056142,2,0,0,1,1,8192,8192
paired-1,3,24,4067982,2,0,0,1,1,8192,8192
paired-1,3,25,4046562,2,0,0,1,1,8192,8192
paired-1,3,26,4073713,2,0,0,1,1,8192,8192
paired-1,3,27,3910412,2,0,0,1,1,8192,8192
paired-1,3,28,3970783,2,0,0,1,1,8192,8192
paired-1,3,29,3941132,2,0,0,1,1,8192,8192
paired-1,3,30,3921002,2,0,0,1,1,8192,8192
paired-1,3,31,3987213,2,0,0,1,1,8192,8192
paired-1,3,32,3928913,2,0,0,1,1,8192,8192
paired-1,3,33,4161162,2,0,0,1,1,8192,8192
paired-1,3,34,4052612,2,0,0,1,1,8192,8192
paired-1,3,35,3897442,2,0,0,1,1,8192,8192
control-1,0,0,14085619,4,2,2,1,1,8192,8192
control-1,0,1,14257039,4,2,2,1,1,8192,8192
control-1,0,2,14439559,4,2,2,1,1,8192,8192
control-1,0,3,14159719,4,2,2,1,1,8192,8192
control-1,0,4,14228579,4,2,2,1,1,8192,8192
control-1,0,5,14271979,4,2,2,1,1,8192,8192
control-1,0,6,14148839,4,2,2,1,1,8192,8192
control-1,0,7,14250299,4,2,2,1,1,8192,8192
control-1,0,8,14244739,4,2,2,1,1,8192,8192
control-1,0,9,14462459,4,2,2,1,1,8192,8192
control-1,0,10,14170409,4,2,2,1,1,8192,8192
control-1,0,11,14256259,4,2,2,1,1,8192,8192
control-1,0,12,14318829,4,2,2,1,1,8192,8192
control-1,0,13,14286759,4,2,2,1,1,8192,8192
control-1,0,14,14565939,4,2,2,1,1,8192,8192
control-1,0,15,14300099,4,2,2,1,1,8192,8192
control-1,0,16,14250489,4,2,2,1,1,8192,8192
control-1,0,17,14267119,4,2,2,1,1,8192,8192
control-1,0,18,14382379,4,2,2,1,1,8192,8192
control-1,0,19,14167589,4,2,2,1,1,8192,8192
control-1,0,20,14223809,4,2,2,1,1,8192,8192
control-1,0,21,14561489,4,2,2,1,1,8192,8192
control-1,0,22,14263499,4,2,2,1,1,8192,8192
control-1,0,23,14185668,4,2,2,1,1,8192,8192
control-1,0,24,14246749,4,2,2,1,1,8192,8192
control-1,0,25,14259919,4,2,2,1,1,8192,8192
control-1,0,26,14514269,4,2,2,1,1,8192,8192
control-1,0,27,14091589,4,2,2,1,1,8192,8192
control-1,0,28,14463859,4,2,2,1,1,8192,8192
control-1,0,29,14293159,4,2,2,1,1,8192,8192
control-1,0,30,14410029,4,2,2,1,1,8192,8192
control-1,0,31,14452929,4,2,2,1,1,8192,8192
control-1,0,32,14289788,4,2,2,1,1,8192,8192
control-1,0,33,14638039,4,2,2,1,1,8192,8192
control-1,0,34,14361849,4,2,2,1,1,8192,8192
control-1,0,35,14208599,4,2,2,1,1,8192,8192
control-1,1,0,14104039,4,2,2,1,1,8192,8192
control-1,1,1,14589059,4,2,2,1,1,8192,8192
control-1,1,2,14101029,4,2,2,1,1,8192,8192
control-1,1,3,14138559,4,2,2,1,1,8192,8192
control-1,1,4,14243438,4,2,2,1,1,8192,8192
control-1,1,5,14261009,4,2,2,1,1,8192,8192
control-1,1,6,14481759,4,2,2,1,1,8192,8192
control-1,1,7,14355468,4,2,2,1,1,8192,8192
control-1,1,8,14549919,4,2,2,1,1,8192,8192
control-1,1,9,14132719,4,2,2,1,1,8192,8192
control-1,1,10,14107239,4,2,2,1,1,8192,8192
control-1,1,11,14259799,4,2,2,1,1,8192,8192
control-1,1,12,14278619,4,2,2,1,1,8192,8192
control-1,1,13,14608989,4,2,2,1,1,8192,8192
control-1,1,14,14153748,4,2,2,1,1,8192,8192
control-1,1,15,14085479,4,2,2,1,1,8192,8192
control-1,1,16,14311679,4,2,2,1,1,8192,8192
control-1,1,17,14091028,4,2,2,1,1,8192,8192
control-1,1,18,14287859,4,2,2,1,1,8192,8192
control-1,1,19,14255159,4,2,2,1,1,8192,8192
control-1,1,20,14582289,4,2,2,1,1,8192,8192
control-1,1,21,14227878,4,2,2,1,1,8192,8192
control-1,1,22,14146379,4,2,2,1,1,8192,8192
control-1,1,23,14305869,4,2,2,1,1,8192,8192
control-1,1,24,14330749,4,2,2,1,1,8192,8192
control-1,1,25,14492879,4,2,2,1,1,8192,8192
control-1,1,26,14181999,4,2,2,1,1,8192,8192
control-1,1,27,14313939,4,2,2,1,1,8192,8192
control-1,1,28,14310129,4,2,2,1,1,8192,8192
control-1,1,29,14129139,4,2,2,1,1,8192,8192
control-1,1,30,14137059,4,2,2,1,1,8192,8192
control-1,1,31,14266089,4,2,2,1,1,8192,8192
control-1,1,32,14576119,4,2,2,1,1,8192,8192
control-1,1,33,16070020,4,2,2,1,1,8192,8192
control-1,1,34,14363279,4,2,2,1,1,8192,8192
control-1,1,35,14245899,4,2,2,1,1,8192,8192
control-1,2,0,14215529,4,2,2,1,1,8192,8192
control-1,2,1,14387659,4,2,2,1,1,8192,8192
control-1,2,2,14209339,4,2,2,1,1,8192,8192
control-1,2,3,14332619,4,2,2,1,1,8192,8192
control-1,2,4,14212749,4,2,2,1,1,8192,8192
control-1,2,5,14223119,4,2,2,1,1,8192,8192
control-1,2,6,13911328,4,2,2,1,1,8192,8192
control-1,2,7,13933469,4,2,2,1,1,8192,8192
control-1,2,8,14287318,4,2,2,1,1,8192,8192
control-1,2,9,14187689,4,2,2,1,1,8192,8192
control-1,2,10,14463329,4,2,2,1,1,8192,8192
control-1,2,11,14046359,4,2,2,1,1,8192,8192
control-1,2,12,14084388,4,2,2,1,1,8192,8192
control-1,2,13,14402509,4,2,2,1,1,8192,8192
control-1,2,14,14073819,4,2,2,1,1,8192,8192
control-1,2,15,14568469,4,2,2,1,1,8192,8192
control-1,2,16,14251749,4,2,2,1,1,8192,8192
control-1,2,17,14249899,4,2,2,1,1,8192,8192
control-1,2,18,14248609,4,2,2,1,1,8192,8192
control-1,2,19,14128899,4,2,2,1,1,8192,8192
control-1,2,20,14415849,4,2,2,1,1,8192,8192
control-1,2,21,14100079,4,2,2,1,1,8192,8192
control-1,2,22,14190338,4,2,2,1,1,8192,8192
control-1,2,23,14213528,4,2,2,1,1,8192,8192
control-1,2,24,14261479,4,2,2,1,1,8192,8192
control-1,2,25,14226689,4,2,2,1,1,8192,8192
control-1,2,26,14335879,4,2,2,1,1,8192,8192
control-1,2,27,14478269,4,2,2,1,1,8192,8192
control-1,2,28,14079469,4,2,2,1,1,8192,8192
control-1,2,29,14273688,4,2,2,1,1,8192,8192
control-1,2,30,14100529,4,2,2,1,1,8192,8192
control-1,2,31,14164219,4,2,2,1,1,8192,8192
control-1,2,32,14465739,4,2,2,1,1,8192,8192
control-1,2,33,14258689,4,2,2,1,1,8192,8192
control-1,2,34,14414809,4,2,2,1,1,8192,8192
control-1,2,35,14233729,4,2,2,1,1,8192,8192
control-1,3,0,14278799,4,2,2,1,1,8192,8192
control-1,3,1,14131618,4,2,2,1,1,8192,8192
control-1,3,2,14257459,4,2,2,1,1,8192,8192
control-1,3,3,14583569,4,2,2,1,1,8192,8192
control-1,3,4,14253839,4,2,2,1,1,8192,8192
control-1,3,5,14288259,4,2,2,1,1,8192,8192
control-1,3,6,14244438,4,2,2,1,1,8192,8192
control-1,3,7,14051229,4,2,2,1,1,8192,8192
control-1,3,8,14188598,4,2,2,1,1,8192,8192
control-1,3,9,14214749,4,2,2,1,1,8192,8192
control-1,3,10,14353279,4,2,2,1,1,8192,8192
control-1,3,11,14201418,4,2,2,1,1,8192,8192
control-1,3,12,14093719,4,2,2,1,1,8192,8192
control-1,3,13,14213389,4,2,2,1,1,8192,8192
control-1,3,14,14046729,4,2,2,1,1,8192,8192
control-1,3,15,14395319,4,2,2,1,1,8192,8192
control-1,3,16,14036439,4,2,2,1,1,8192,8192
control-1,3,17,14169529,4,2,2,1,1,8192,8192
control-1,3,18,14252979,4,2,2,1,1,8192,8192
control-1,3,19,14224918,4,2,2,1,1,8192,8192
control-1,3,20,14186209,4,2,2,1,1,8192,8192
control-1,3,21,14170469,4,2,2,1,1,8192,8192
control-1,3,22,14360259,4,2,2,1,1,8192,8192
control-1,3,23,13985658,4,2,2,1,1,8192,8192
control-1,3,24,14219048,4,2,2,1,1,8192,8192
control-1,3,25,14147409,4,2,2,1,1,8192,8192
control-1,3,26,14184749,4,2,2,1,1,8192,8192
control-1,3,27,14363338,4,2,2,1,1,8192,8192
control-1,3,28,14084248,4,2,2,1,1,8192,8192
control-1,3,29,14360199,4,2,2,1,1,8192,8192
control-1,3,30,14222009,4,2,2,1,1,8192,8192
control-1,3,31,14155468,4,2,2,1,1,8192,8192
control-1,3,32,14274029,4,2,2,1,1,8192,8192
control-1,3,33,14094699,4,2,2,1,1,8192,8192
control-1,3,34,14385359,4,2,2,1,1,8192,8192
control-1,3,35,14186129,4,2,2,1,1,8192,8192
