position,measured,parent_forward_ns,bank_callbacks_ns,bank_other_ns,layer_callbacks_ns,tail_callbacks_ns,unattributed_parent_ns,bank_guarded_body_ns,all_callbacks_ns,expanded_disjoint_ns
0,False,13238573946,,,,,,,,
1,False,13159019047,,,,,,,,
2,True,1805772830,22999565,567110,533758051,4844595,1243603509,23566675,561602211,562169321
3,True,1805841539,22550694,553460,529532517,4875473,1248329395,23104154,556958684,557512144
4,True,1801696877,22525693,533591,529429815,4764422,1244443356,23059284,556719930,557253521
5,True,1808408051,23888355,556450,530983510,4985053,1247994683,24444805,559856918,560413368
6,True,1797734584,22482984,537640,529692448,5005882,1240015630,23020624,557181314,557718954
7,True,1798156775,22655455,548730,529328916,4890513,1240733161,23204185,556874884,557423614
8,True,1798425595,22353055,545350,530213133,4806673,1240507384,22898405,557372861,557918211
9,True,1810999022,23528974,556350,534576074,4928095,1247409529,24085324,563033143,563589493
10,True,1805686070,22686234,563320,530115384,4921092,1247400040,23249554,557722710,558286030
11,True,1802389217,22620714,556610,533254074,4805955,1241151864,23177324,560680743,561237353
12,True,1801272596,23645725,534880,530962419,4981174,1241148398,24180605,559589318,560124198
13,True,1805810530,22579034,548941,529730696,5015265,1247936594,23127975,557324995,557873936
14,True,1796069573,22400554,556370,527545940,5000795,1240565914,22956924,554947289,555503659
15,True,1808940362,23330294,546630,532316156,4926254,1247821028,23876924,560572704,561119334
16,True,1804840168,22999825,551780,531334189,4847922,1245106452,23551605,559181936,559733716
17,True,1802116317,23265555,537750,532965355,4975565,1240372092,23803305,561206475,561744225
18,True,1795887714,23973315,544140,526166222,5106112,1240097925,24517455,555245649,555789789
19,True,1803312338,22928614,538840,529069994,4811394,1245963496,23467454,556810002,557348842
20,True,1800662516,22948514,538691,530402127,4916942,1241856242,23487205,558267583,558806274
21,True,1799255735,22583874,527411,529155152,4748054,1242241244,23111285,556487080,557014491
22,True,1800217106,22633964,536000,527741224,4732864,1244573054,23169964,555108052,555644052
23,True,1810057582,23855435,573580,535767698,5076012,1244784857,24429015,564699145,565272725
24,True,1810044262,23119984,538490,534794294,4942532,1246648962,23658474,562856810,563395300
25,True,1804818829,23251845,574180,532038945,4849046,1244104813,23826025,560139836,560714016
26,True,1804081518,22744254,585590,531410302,4962894,1244378478,23329844,559117450,559703040
27,True,1809443592,22609135,579730,530381383,4775892,1251097452,23188865,557766410,558346140
28,True,1798644585,23564805,558470,527754235,4776204,1241990871,24123275,556095244,556653714
29,True,1808178461,23354065,555770,533662193,4809655,1245796778,23909835,561825913,562381683
30,True,1806019879,23603225,550090,533404272,4897864,1243564428,24153315,561905361,562455451
31,True,1798524865,23011885,554980,532562801,4739982,1237655217,23566865,560314668,560869648
32,True,1808441961,22667233,551441,530927205,4805402,1249490680,23218674,558399840,558951281
33,True,1807492661,22769464,559180,529742956,4753503,1249667558,23328644,557265923,557825103
34,True,1811817943,23402955,557620,532689170,4992893,1250175305,23960575,561085018,561642638
35,True,1805158399,22619013,546621,529387433,5019802,1247585530,23165634,557026248,557572869
36,True,1804317928,22768083,573881,533580511,4781524,1242613929,23341964,561130118,561703999
37,True,1812670544,23766534,556471,533256757,5024743,1250066039,24323005,562048034,562604505
38,True,1806255660,22543125,558090,531228201,4829266,1247096978,23101215,558600592,559158682
39,True,1812397233,23608525,544820,531134765,4736332,1252372791,24153345,559479622,560024442
