index,region,position,start_ns,end_ns,elapsed_ns
0,source_preparation,,0,92227530910,92227530910
1,spawn_to_setup_seal,,92227530910,317892789958,225665259048
2,prepare_write,0,317892789958,317892983038,193080
3,flush_to_frame_read,0,317892983038,331128682692,13235699654
4,validate_retain_commit,0,331128682692,331131363904,2681212
5,prepare_write,1,331131363904,331131405844,41940
6,flush_to_frame_read,1,331131405844,344289926911,13158521067
7,validate_retain_commit,1,344289926911,344290382951,456040
8,prepare_write,2,344290382951,344290421471,38520
9,flush_to_frame_read,2,344290421471,346094092769,1803671298
10,validate_retain_commit,2,346094092769,346096155781,2063012
11,prepare_write,3,346096155781,346096197441,41660
12,flush_to_frame_read,3,346096197441,347901697790,1805500349
13,validate_retain_commit,3,347901697790,347901997320,299530
14,prepare_write,4,347901997320,347902035440,38120
15,flush_to_frame_read,4,347902035440,349703114426,1801078986
16,validate_retain_commit,4,349703114426,349703694197,579771
17,prepare_write,5,349703694197,349703735997,41800
18,flush_to_frame_read,5,349703735997,351509524476,1805788479
19,validate_retain_commit,5,351509524476,351512102248,2577772
20,prepare_write,6,351512102248,351512139168,36920
21,flush_to_frame_read,6,351512139168,353309477002,1797337834
22,validate_retain_commit,6,353309477002,353309836832,359830
23,prepare_write,7,353309836832,353309878002,41170
24,flush_to_frame_read,7,353309878002,355107682767,1797804765
25,validate_retain_commit,7,355107682767,355107993607,310840
26,prepare_write,8,355107993607,355108031557,37950
27,flush_to_frame_read,8,355108031557,356906069321,1798037764
28,validate_retain_commit,8,356906069321,356906419202,349881
29,prepare_write,9,356906419202,356906460762,41560
30,flush_to_frame_read,9,356906460762,358717099944,1810639182
31,validate_retain_commit,9,358717099944,358717418224,318280
32,prepare_write,10,358717418224,358717455904,37680
33,flush_to_frame_read,10,358717455904,360522887183,1805431279
34,validate_retain_commit,10,360522887183,360523104294,217111
35,prepare_write,11,360523104294,360526046445,2942151
36,flush_to_frame_read,11,360526046445,362325190281,1799143836
37,validate_retain_commit,11,362325190281,362325493511,303230
38,prepare_write,12,362325493511,362325533161,39650
39,flush_to_frame_read,12,362325533161,364126437947,1800904786
40,validate_retain_commit,12,364126437947,364126766107,328160
41,prepare_write,13,364126766107,364126809787,43680
42,flush_to_frame_read,13,364126809787,365932302947,1805493160
43,validate_retain_commit,13,365932302947,365932576637,273690
44,prepare_write,14,365932576637,365936046339,3469702
45,flush_to_frame_read,14,365936046339,367728320150,1792273811
46,validate_retain_commit,14,367728320150,367728646210,326060
47,prepare_write,15,367728646210,367728685260,39050
48,flush_to_frame_read,15,367728685260,369537308831,1808623571
49,validate_retain_commit,15,369537308831,369537586572,277741
50,prepare_write,16,369537586572,369537625192,38620
51,flush_to_frame_read,16,369537625192,371339793909,1802168717
52,validate_retain_commit,16,371339793909,371342426740,2632831
53,prepare_write,17,371342426740,371342468780,42040
54,flush_to_frame_read,17,371342468780,373144186237,1801717457
55,validate_retain_commit,17,373144186237,373144543057,356820
56,prepare_write,18,373144543057,373144581547,38490
57,flush_to_frame_read,18,373144581547,374940095141,1795513594
58,validate_retain_commit,18,374940095141,374940430771,335630
59,prepare_write,19,374940430771,374940470561,39790
60,flush_to_frame_read,19,374940470561,376743371448,1802900887
61,validate_retain_commit,19,376743371448,376743743109,371661
62,prepare_write,20,376743743109,376743780699,37590
63,flush_to_frame_read,20,376743780699,378543966765,1800186066
64,validate_retain_commit,20,378543966765,378544405625,438860
65,prepare_write,21,378544405625,378544447655,42030
66,flush_to_frame_read,21,378544447655,380343389310,1798941655
67,validate_retain_commit,21,380343389310,380343661360,272050
68,prepare_write,22,380343661360,380343701700,40340
69,flush_to_frame_read,22,380343701700,382143495876,1799794176
70,validate_retain_commit,22,382143495876,382143878466,382590
71,prepare_write,23,382143878466,382143920536,42070
72,flush_to_frame_read,23,382143920536,383953496968,1809576432
73,validate_retain_commit,23,383953496968,383953936048,439080
74,prepare_write,24,383953936048,383953974618,38570
75,flush_to_frame_read,24,383953974618,385763595010,1809620392
76,validate_retain_commit,24,385763595010,385763980310,385300
77,prepare_write,25,385763980310,385764024600,44290
78,flush_to_frame_read,25,385764024600,387568439239,1804414639
79,validate_retain_commit,25,387568439239,387568799139,359900
80,prepare_write,26,387568799139,387568837719,38580
81,flush_to_frame_read,26,387568837719,389372509547,1803671828
82,validate_retain_commit,26,389372509547,389372880657,371110
83,prepare_write,27,389372880657,389372924037,43380
84,flush_to_frame_read,27,389372924037,391182057569,1809133532
85,validate_retain_commit,27,391182057569,391182324249,266680
86,prepare_write,28,391182324249,391182364949,40700
87,flush_to_frame_read,28,391182364949,392980604884,1798239935
88,validate_retain_commit,28,392980604884,392980968834,363950
89,prepare_write,29,392980968834,392981011644,42810
90,flush_to_frame_read,29,392981011644,394788809534,1807797890
91,validate_retain_commit,29,394788809534,394789147295,337761
92,prepare_write,30,394789147295,394789185995,38700
93,flush_to_frame_read,30,394789185995,396594801124,1805615129
94,validate_retain_commit,30,396594801124,396595167174,366050
95,prepare_write,31,396595167174,396595209944,42770
96,flush_to_frame_read,31,396595209944,398393332759,1798122815
97,validate_retain_commit,31,398393332759,398393692039,359280
98,prepare_write,32,398393692039,398393730809,38770
99,flush_to_frame_read,32,398393730809,400201777870,1808047061
100,validate_retain_commit,32,400201777870,400202134000,356130
101,prepare_write,33,400202134000,400202177030,43030
102,flush_to_frame_read,33,400202177030,402009394710,1807217680
103,validate_retain_commit,33,402009394710,402009626661,231951
104,prepare_write,34,402009626661,402009669071,42410
105,flush_to_frame_read,34,402009669071,403821135834,1811466763
106,validate_retain_commit,34,403821135834,403821444604,308770
107,prepare_write,35,403821444604,403821486814,42210
108,flush_to_frame_read,35,403821486814,405626283913,1804797099
109,validate_retain_commit,35,405626283913,405626603003,319090
110,prepare_write,36,405626603003,405626642473,39470
111,flush_to_frame_read,36,405626642473,407430593931,1803951458
112,validate_retain_commit,36,407430593931,407430920931,327000
113,prepare_write,37,407430920931,407430965591,44660
114,flush_to_frame_read,37,407430965591,409243237345,1812271754
115,validate_retain_commit,37,409243237345,409243591475,354130
116,prepare_write,38,409243591475,409244055685,464210
117,flush_to_frame_read,38,409244055685,411049604114,1805548429
118,validate_retain_commit,38,411049604114,411049847135,243021
119,prepare_write,39,411049847135,411049889765,42630
120,flush_to_frame_read,39,411049889765,412859581656,1809691891
121,validate_retain_commit,39,412859581656,412862244368,2662712
122,close_and_retirement,,412862244368,443102670064,30240425696
123,postcheck_and_ordinary_publication,,443102670064,443663008501,560338437
