route,interval,from_phase,to_phase,interval_host_ns,forward_host_ns,rank_full_ns,group_full_ns,publication_full_ns,full_sum_ns,rank_full_checks,group_full_checks,publication_full_checks,full_over_interval,interval_full_over_forward
shared,0,fresh_enabled,setup_sealed,89717172614,,24990059593,26416947119,0,51407006712,14764,15328,0,0.572989598470451,
shared,1,setup_sealed,forward_0,5226816810,5226694440,2241602980,1789851509,493652119,4525106608,1332,1048,288,0.8657480781309418,0.8657683474605414
shared,2,forward_0,forward_1,5252214256,5245507412,2244326826,1791799562,494764385,4530890773,1332,1048,288,0.862662974539552,0.8637659652591108
shared,3,forward_1,forward_2,5725266959,5718664065,2237237170,2275910318,493205870,5006353358,1332,1336,288,0.8744314271896295,0.875441064748048
shared,4,forward_2,forward_3,5724682529,5718080655,2238120808,2274634272,493489193,5006244273,1332,1336,288,0.8745016422551736,0.8755113079110634
shared,5,forward_3,before_close,6493714,,0,0,0,0,0,0,0,0.0,
ordered,0,fresh_enabled,setup_sealed,90020702503,,25092948511,26555498857,0,51648447368,14770,15340,0,0.5737396613437756,
ordered,1,setup_sealed,forward_0,5018764861,5018642791,2145085148,1617416261,372439867,4134941276,1266,940,216,0.82389619568192,0.8239162355637756
ordered,2,forward_0,forward_1,5004652872,4998252478,2129461633,1613692187,371454014,4114607834,1260,940,216,0.8221564890185254,0.823209282066203
ordered,3,forward_1,forward_2,5505436353,5499115269,2129105529,2104657031,371709454,4605472014,1260,1228,216,0.836531696800092,0.8374932673192524
ordered,4,forward_2,forward_3,5491126114,5484839650,2122302830,2096826835,370336574,4589466239,1260,1228,216,0.8357969100907814,0.8367548610103852
ordered,5,forward_3,before_close,6300964,,0,0,0,0,0,0,0,0.0,
