position,input_token,candidate_output_token,reference_output_token,output_token_equal,selected_capture,candidate_argmax_recomputed,reference_argmax_recomputed,unselected_argmax_scope,candidate_logits_sha256,reference_logits_sha256
0,9112,67,67,True,True,True,True,,39a93bd83eca973eb9b681e9fde814f45a99561d7e00ea66549d2bd6e24e4609,7347cc47b84f3c9a32dbda5d6e3406bfb603950a767c5e1dd4581d3083b7e9fa
1,2190,198,198,True,False,False,False,authenticated original records; logits body not retained,ad02538d6b87f403f37febd9983d7ee441c92267f6d10e6108aeeda64a299e23,5281a2daf3958f55701ca258a5c0d809ecc9fc07b4f2ea64eec3fd12cb28e3a3
2,3772,25,25,True,False,False,False,authenticated original records; logits body not retained,664127d50b7b6afce9e68fe5c09d3584d7c8ff6b2b807a903d41375e5d30c14c,004d2f62260bf260fe207a8c57abe17ae8f094f4226588100d002ef59f08eabf
3,220,16,16,True,False,False,False,authenticated original records; logits body not retained,c9f314be714c8149fe35618db37e973a4720054bd6381d0f17fda168b8f92cef,02da160e711df8f74b4be70e15e8982cff7aae5e6a71f7a3d4b492e227b0f13a
4,16,13,13,True,False,False,False,authenticated original records; logits body not retained,74b1a3027a53fa420172c5a9ce071b01b538e9c5798330f652205a31034f75be,12c45a1c418987abf1bc8a87a2849d3cceff5d4078225ce052ed549d69c645ee
5,271,9112,2,False,False,False,False,authenticated original records; logits body not retained,f8d3a7dcc920e482e5059f25256505d525bcf757ef992498ab4df98951203b7e,3ed0219567d33985718fa3d8ed57f3e597b1ae64559657607a2afbc96497f152
6,1877,1778,1778,True,False,False,False,authenticated original records; logits body not retained,2a15f36a2ead7ed03eed825d92051999a0d80d804155bbae678f5deae92a107d,bc0511b59fdfe90769b35595eacc57a48624975e47d6fa96ecbfc5a3313f2327
7,18068,271,271,True,False,False,False,authenticated original records; logits body not retained,b8d3bb53c29283008e7170f758156bfb4df9002d38a438dadc8aaf75a28c61e7,cbc52493c2b212334e13ccfcbf211bb8ca727b9fad2f5851e99ce66b05529c19
8,504,279,279,True,False,False,False,authenticated original records; logits body not retained,6396fa9cd2fe464945248edf72560e8eff60b12b03358d5ff4b829c2fc2c6bf8,fa02a4d31f4940b78719396f54d2e8b895489f980177960998e3ff07db4aacfa
9,279,10349,10349,True,False,False,False,authenticated original records; logits body not retained,321ff864f747a47af0a0e57a498fbf9c4ff99bc8e9f8d87a75320a28b4220ccc,0fec3b7559ceee39d185b3c98486ca63252a5acf58e2a74c319bf334cdeb695b
10,62841,271,271,True,False,False,False,authenticated original records; logits body not retained,d3ce8a8efcafaab814f6f6d3bb229ffdf0955a428820c9a65914da55341d2923,5a0151cde291bf5aa519dd2e9002789ae20584e40025b25f09e55224765a9804
11,57874,271,271,True,False,False,False,authenticated original records; logits body not retained,a83f25e6be7cadf04050de379bfeb49f115661b3e69104f78e34f7c9c1c4d730,1bb1453ce06888af171631ef690ebd3eb6f84363c5a585329ed5d08fb98b448a
12,271,1694,1694,True,False,False,False,authenticated original records; logits body not retained,c68188eb9cb5f06f0a9ce913b90efeb74b8d683e44892a09879ed8d429bd59c4,7f492350c4ad0dd729e290620a4a9c3d7d62eb265e253943e9437d2e181b1bf9
13,785,62841,62841,True,False,False,False,authenticated original records; logits body not retained,dde3a07491072822f58d8fb726fa5e0dd780f96f742c37f69a48b71134d28b62,a00dcf0a1307425a306f2f0db2ffeccc0377f6d2eb1010ba7704ebf3696f3378
14,9282,5269,5269,True,False,False,False,authenticated original records; logits body not retained,25b3f2adc29938ccf93e87bb2f13ce0fff06604dd28274ae35f5cc4c5808c946,622cf87304cdb588c2a9e99de371df4667695318a034b7d7549fa523af05ed6e
15,5269,374,374,True,True,True,True,,6f5f9779c7af9f664843f2da966e414f46eafa00536dfe123e670fc882051866,56aa5f03f7ad0d31eb5b67f146bc5e9c69e816f8ba6f9c69123ab9990c67b979
16,13352,389,389,True,True,True,True,,0fbad1135b91d3bdbb2ed80f5727cc705f3afa865b227421d960ddbdd9f7a7fe,ab4cd0a7c87af7c0ce78bae903e1040f02a4401bdd7389b021a4f498820c7f51
17,29388,279,279,True,False,False,False,authenticated original records; logits body not retained,0f613a24b327fe4424c565fd69e83de7d54db23df4b6c7a65e1070f7d76c05c7,d515b78b1d1eff3551c5f7d7bf926c56c3567364e5549f501880785edd1138c8
18,264,14796,14796,True,False,False,False,authenticated original records; logits body not retained,6cf22be5e6cd40981a45e301f304dd2627308e87449361db5f311d071b06545e,e00b533c3bd5911a899670ef136aaa5b36b0f6c6d7c1f6e5b9f6694714fd57ca
19,14796,11,11,True,False,False,False,authenticated original records; logits body not retained,ba88c69df3895a3142bddd79ad7e602e585dbe70c0d25ba7bb201cb08b067a94,736f9d5167143b3d3250a5dd4239c7c51c9f53bf1e4e5a6e7518f979c6be8b74
20,323,374,374,True,False,False,False,authenticated original records; logits body not retained,a853728fff906ce0d5fbfc86b40b612138a3389e9c8e6a2ff844313d1b928e12,f75f3d6265b04b1ea0b67d4264ea821d274abdd0a15d8a6fac37261e86ebe393
21,264,13638,13638,True,False,False,False,authenticated original records; logits body not retained,1c49d5d577b18dbc912b22ed8a69abdb557124be181f986aa02b7a660747ac2d,77ad76cc5f192cbaf603d094784e7651fc04182afba71e00d86a6fcd65de3ffe
22,584,6118,6118,True,False,False,False,authenticated original records; logits body not retained,5c88382b68c1831d6f80e6f5523e9d94ec0dd4ce7174d31181e978ce40e78a1d,fc68e71dac78933624a78a5f0e11e284d2570f082db97e5f21ba6746ed768aea
23,4478,2343,2343,True,False,False,False,authenticated original records; logits body not retained,a2340e9c2965c752c1b366025ad4373593fb31957c41d838d5c7e835644eda23,8134d59c4a09040bc5907d5a4b5f1b79afae808e1cf023be51088f668995a539
24,2343,11,11,True,False,False,False,authenticated original records; logits body not retained,4bb27c128711b01346801ee5ec013c63f7794a7f654207aa014cd20d46ce3d22,c957112bf7993bb32cb6c3242972769735e782fdb8063983b3cee72d15874c69
25,13,576,576,True,False,False,False,authenticated original records; logits body not retained,b1b7d0eb4438887b7b7ed4f1de5c781d00500cf7e25511618c89c744c7393917,3599b7c34182d32e97b4c577fd5fddb8266c01769569c0f7fcc74a2cedc8f2da
26,11445,3728,3728,True,False,False,False,authenticated original records; logits body not retained,8573f4f7ecb6314a0a26aadfcfbea4fea219ad8b8151cbea6231bd332cd87e0b,11752b14eee2cd179ea6504ee5151f8f4759b5958f1109366be75bb91de0be46
27,975,374,374,True,False,False,False,authenticated original records; logits body not retained,2c736cfb588f88d33c2ed65f2b53ccce49079ca27d90b09dd7afbfdfd6c6f93d,199db5c189079638527a7cd53feb05e1fb7deac741f941f5f1edc973c9887091
28,374,311,311,True,False,False,False,authenticated original records; logits body not retained,678d091a8e319e1e81cdf1111975adda97e2d7e18c2613df1e78ac0f4781614f,a1ad5764cdccc4a9d3da0d66c1e34f966ed3900e8460899d57db212210779d0e
29,26848,11,11,True,False,False,False,authenticated original records; logits body not retained,0d21aa83aba65b3f31c82ab70fec82fa282942ea4feca47f1ae7a042d50aed7f,adcd6ee9014ca0a6f3e7e88f966b65c005f260b84b94e04f0a779e8d724bd257
30,714,2989,2989,True,False,False,False,authenticated original records; logits body not retained,cf444460a1a7e75ecf1971e11a063a081445f8160ec9fb247745b58fa0f9aefd,18ce84683d225c88f007116a7715cf6fcd3475b9b20e32cbc3eaa6bf7d5e87a5
31,23560,11,11,True,False,False,False,authenticated original records; logits body not retained,8ad63ea872ebf257fb13292c4a949dfe576dd8438fa13867493b3505d17bb051,130b0fa5ee14f37b376da725e45d338d9d7d3c811745dae41be9a5bc8cb395a8
32,25,311,311,True,False,False,False,authenticated original records; logits body not retained,52dd737860a34fd20f8dbfdb45d4c6de75daa67dfd9632d0a323e576bfaaf0ca,6c83238603f5b12042c7908f97e2bb14d642ca8f39138cce272e927527699e54
33,10306,264,264,True,False,False,False,authenticated original records; logits body not retained,3927592e32f2d2118c58a4555f93c7625cdb3f997b4eb4843f00f3e872425f7a,9afadd7d84b988cdbbd3582707f87b31d269b8feaf26f538dce15ff165d0ddd5
34,264,3255,3255,True,False,False,False,authenticated original records; logits body not retained,c99e496060ee3d3e2250c0e5c41d7f4cd0524bec88145956b4284f58a936916b,725f589b7da453864c40b27b42b8628476acfe09e7a1cfe4189666ea39bf9430
35,19259,3255,3255,True,False,False,False,authenticated original records; logits body not retained,2b04c37879bef24373fe59859e7e5d187daa63773010cdf1af6ad1cf0aa8c821,c26bd1bcc1b5812d31739f7655cd32fc2fe880fffb75c99dd518f2c89818fae0
36,2692,315,315,True,False,False,False,authenticated original records; logits body not retained,66fcc20ebf11a8c5b2205437fc3e4a9bfd89555307679bd7f2bfa9c0c30ae64f,e6cf7dbb57d57897885420e60d60ed8f256fced713816f13dcb0211df85e16e9
37,315,279,279,True,False,False,False,authenticated original records; logits body not retained,f31bc0c14fb064df0921cb0c959e76ac3802a156f83e4bddc587fbb4b6bee8f6,725b5e2d5dc1a01946c4c63661235aaaae3474fa202e55f9357365e262cc5b6f
38,2205,9104,9104,True,False,False,False,authenticated original records; logits body not retained,c5568a46a5c02cb7b240cf599a2756fd8e0b6b78debb1a6d3c51597d059aca93,896df10e6c53edfa320317f24716335af3517da1d3a0566a6176a7faa8e42d3f
39,9104,11,11,True,True,True,True,,d7bdf8c49cfdb668e73a173b968a3e901314230e7d3321ef1b9f88297c3eb0c4,214f9075316e406164e662b8033e8a6680722241f6267ef4ef34141ee29c4586
