position,tensor,input_token,candidate_output_token,reference_output_token,elements,exact_words,max_abs_error,max_bf16_steps,relative_l2,rmse,zero_reference_norm
0,layer0-hidden,9112,67,67,4096,3807,0.00390625,128,0.0005915480736124293,0.00022784684538275748,False
0,layer1-hidden,9112,67,67,4096,2788,0.015625,128,0.0009955793197378383,0.0007993521110424397,False
0,layer2-hidden,9112,67,67,4096,2343,0.015625,14848,0.00115147017698888,0.0011163649043250056,False
0,layer3-hidden,9112,67,67,4096,1960,0.0234375,29440,0.0014359582040985297,0.001443229112417204,False
0,layer4-hidden,9112,67,67,4096,1687,0.03125,14976,0.0018796535327674758,0.0020146444422115784,False
0,layer5-hidden,9112,67,67,4096,1452,0.03125,29888,0.0038537692387885267,0.0024216857674065257,False
0,layer6-hidden,9112,67,67,4096,2273,0.25,30720,6.51291079150235e-05,0.013032354824479177,False
0,layer7-hidden,9112,67,67,4096,2292,0.25,30368,6.599807718553589e-05,0.013206217308357264,False
0,layer8-hidden,9112,67,67,4096,2338,0.25,15392,6.762224648774917e-05,0.013531223124323005,False
0,layer9-hidden,9112,67,67,4096,2384,0.25,30368,6.924241912172684e-05,0.013855419539359332,False
0,layer10-hidden,9112,67,67,4096,2407,0.25,30448,7.04793310927621e-05,0.014102942272233287,False
0,layer11-hidden,9112,67,67,4096,2446,0.25,30400,7.180371009261381e-05,0.014367977493046531,False
0,layer12-hidden,9112,67,67,4096,2478,0.25,30656,7.288155508097106e-05,0.014583649425951981,False
0,layer13-hidden,9112,67,67,4096,2516,0.25,30432,7.334806546797151e-05,0.014676996048804715,False
0,layer14-hidden,9112,67,67,4096,2557,0.25,30448,7.47020761666515e-05,0.014947988464304049,False
0,layer15-hidden,9112,67,67,4096,2560,0.25,30424,7.473375904053104e-05,0.014954395815021653,False
0,layer16-hidden,9112,67,67,4096,2623,0.25,30400,7.41767160619635e-05,0.015352182202140494,False
0,layer17-hidden,9112,67,67,4096,2614,0.25,30144,7.47553191174901e-05,0.015472010867629301,False
0,layer18-hidden,9112,67,67,4096,2605,0.25,30368,7.552699515270772e-05,0.01563174367758049,False
0,layer19-hidden,9112,67,67,4096,2597,0.25,30664,7.558942506313956e-05,0.015644717286089356,False
0,layer20-hidden,9112,67,67,4096,2589,0.25,30661,7.636299361893534e-05,0.015804922312015184,False
0,layer21-hidden,9112,67,67,4096,2592,0.25,30640,7.956673801178786e-05,0.016468082481900213,False
0,layer22-hidden,9112,67,67,4096,2575,0.25,30452,8.080744031729062e-05,0.016724923997218494,False
0,layer23-hidden,9112,67,67,4096,2588,0.25,30560,8.21081593069988e-05,0.016994201238356082,False
0,layer24-hidden,9112,67,67,4096,2563,0.25,30760,8.247006062645556e-05,0.017069044851769362,False
0,layer25-hidden,9112,67,67,4096,2520,0.25,30560,8.328337561200222e-05,0.017237395697346523,False
0,layer26-hidden,9112,67,67,4096,2473,0.25,30940,8.455268064366968e-05,0.017500081906136302,False
0,layer27-hidden,9112,67,67,4096,2411,0.25,416,8.697712484455096e-05,0.018001833797824635,False
0,layer28-hidden,9112,67,67,4096,2394,0.25,30800,8.865490078793351e-05,0.018349135114990662,False
0,layer29-hidden,9112,67,67,4096,2306,0.25,30696,9.150741139252793e-05,0.018939488765896344,False
0,layer30-hidden,9112,67,67,4096,2280,0.25,30688,9.328945076136226e-05,0.019308330275699257,False
0,layer31-hidden,9112,67,67,4096,2206,0.25,30470,9.72278737054083e-05,0.020123533725468025,False
0,layer32-hidden,9112,67,67,4096,2120,0.25,30704,0.00010060616930941128,0.02082281506884898,False
0,layer33-hidden,9112,67,67,4096,2078,0.25,30784,0.00010622757193157035,0.021882968221932267,False
0,layer34-hidden,9112,67,67,4096,1904,0.25,31360,0.00020262613090796125,0.031663828646879034,False
0,layer35-hidden,9112,67,67,4096,1537,8.0,31484,0.00217194778095126,0.2134973766706087,False
0,final-norm,9112,67,67,4096,1624,0.09375,30023,0.002502360587078139,0.0044303938365128385,False
0,logits,9112,67,67,151936,90814,0.0625,30670,0.00304480431964523,0.010776199141056752,False
15,layer0-hidden,5269,374,374,4096,4096,0.0,0,0.0,0.0,False
15,layer1-hidden,5269,374,374,4096,3066,0.0078125,14848,0.001624717841231189,0.00045537237481985804,False
15,layer2-hidden,5269,374,374,4096,2075,0.0078125,320,0.002878455663758324,0.0009143113776003567,False
15,layer3-hidden,5269,374,374,4096,2181,0.03125,30208,0.003526105691728034,0.0019669764546271515,False
15,layer4-hidden,5269,374,374,4096,1614,0.03125,30208,0.004406458263043301,0.0026875859936234315,False
15,layer5-hidden,5269,374,374,4096,1292,0.0625,30432,0.00534831018232391,0.004120500613911055,False
15,layer6-hidden,5269,374,374,4096,1055,0.0625,30464,0.005702193198118577,0.004906107378056071,False
15,layer7-hidden,5269,374,374,4096,836,0.0625,30400,0.006647984091312481,0.005828737450689439,False
15,layer8-hidden,5269,374,374,4096,798,0.0625,30664,0.00748884022610593,0.006780805665824242,False
15,layer9-hidden,5269,374,374,4096,782,0.0625,30656,0.007888947353554871,0.0073920839156032805,False
15,layer10-hidden,5269,374,374,4096,746,0.0625,30784,0.007910779963487085,0.008007963313777445,False
15,layer11-hidden,5269,374,374,4096,695,0.078125,30912,0.008170228310636539,0.008820125516588706,False
15,layer12-hidden,5269,374,374,4096,602,0.09375,30728,0.008888938196197373,0.010218293473592826,False
15,layer13-hidden,5269,374,374,4096,557,0.09375,30912,0.009146660202274781,0.011236167089595597,False
15,layer14-hidden,5269,374,374,4096,590,0.09375,30800,0.009000503571427834,0.011404843071844613,False
15,layer15-hidden,5269,374,374,4096,551,0.125,30848,0.00972876699747427,0.013432453092880072,False
15,layer16-hidden,5269,374,374,4096,560,0.125,30744,0.009728879079663737,0.014129402697304373,False
15,layer17-hidden,5269,374,374,4096,525,0.25,30993,0.009802357700224872,0.015105743889332541,False
15,layer18-hidden,5269,374,374,4096,487,0.25,30944,0.009965225852917137,0.016904064609204947,False
15,layer19-hidden,5269,374,374,4096,472,0.1875,31104,0.009571154047538966,0.018982744641595876,False
15,layer20-hidden,5269,374,374,4096,499,0.1875,31016,0.009653039461293152,0.020831638303979938,False
15,layer21-hidden,5269,374,374,4096,506,0.1875,31168,0.009892094475137172,0.02369681628213266,False
15,layer22-hidden,5269,374,374,4096,548,0.25,31040,0.009082287779570136,0.025823611207258793,False
15,layer23-hidden,5269,374,374,4096,554,0.25,31232,0.00885223890053561,0.03173056906237375,False
15,layer24-hidden,5269,374,374,4096,539,0.375,31196,0.008584944868757466,0.04050144340458014,False
15,layer25-hidden,5269,374,374,4096,622,0.5,31348,0.008297074904760515,0.04512920849246878,False
15,layer26-hidden,5269,374,374,4096,578,0.625,31664,0.00802078928645859,0.050593186174070395,False
15,layer27-hidden,5269,374,374,4096,614,0.75,31480,0.008163537666359888,0.05808244991049783,False
15,layer28-hidden,5269,374,374,4096,559,0.75,31376,0.008196988607690662,0.06893695595003417,False
15,layer29-hidden,5269,374,374,4096,577,0.75,31488,0.007929229258339658,0.07874353150544047,False
15,layer30-hidden,5269,374,374,4096,600,0.75,31616,0.0074586240469778214,0.08891456917854804,False
15,layer31-hidden,5269,374,374,4096,510,1.0,31552,0.007429666385941623,0.10240188289398935,False
15,layer32-hidden,5269,374,374,4096,529,4.0,31840,0.008403171647350932,0.132727826962692,False
15,layer33-hidden,5269,374,374,4096,549,4.0,31680,0.008015296790503652,0.1458431145809853,False
15,layer34-hidden,5269,374,374,4096,582,4.0,31712,0.006351546312072736,0.16291365206999958,False
15,layer35-hidden,5269,374,374,4096,608,8.0,31744,0.007200917384908226,0.21355274986066164,False
15,final-norm,5269,374,374,4096,542,0.5,30746,0.006906175459767704,0.01932501769748599,False
15,logits,5269,374,374,151936,45789,0.25,31405,0.006475731989600666,0.0318648621328504,False
16,layer0-hidden,13352,389,389,4096,4090,0.0009765625,4,9.704393399645792e-05,2.0631129887374818e-05,False
16,layer1-hidden,13352,389,389,4096,2454,0.0078125,28768,0.002595888110795178,0.0007417004364830028,False
16,layer2-hidden,13352,389,389,4096,1816,0.015625,15040,0.003693230938669439,0.0011438644871258378,False
16,layer3-hidden,13352,389,389,4096,1525,0.015625,29760,0.004308509885466371,0.0015617329083076742,False
16,layer4-hidden,13352,389,389,4096,1281,0.0234375,29888,0.004744606140970452,0.002221481317681593,False
16,layer5-hidden,13352,389,389,4096,1040,0.03125,30208,0.004977742462757833,0.0031341534383596873,False
16,layer6-hidden,13352,389,389,4096,1016,0.03125,30432,0.005531761310223859,0.004135224795319347,False
16,layer7-hidden,13352,389,389,4096,833,0.0625,30628,0.006712116012080204,0.005315829401028702,False
16,layer8-hidden,13352,389,389,4096,832,0.0625,30528,0.007467091536558292,0.0065273159432559505,False
16,layer9-hidden,13352,389,389,4096,750,0.0625,30656,0.008038291232017653,0.007224351245316901,False
16,layer10-hidden,13352,389,389,4096,755,0.0625,30632,0.008138706085198412,0.007602902211424704,False
16,layer11-hidden,13352,389,389,4096,667,0.25,30624,0.009222717571754115,0.009285251046416466,False
16,layer12-hidden,13352,389,389,4096,587,0.25,30816,0.009142561083322068,0.00994396213146622,False
16,layer13-hidden,13352,389,389,4096,578,0.25,30656,0.009396933064542886,0.010672742819889827,False
16,layer14-hidden,13352,389,389,4096,572,0.25,30848,0.009208177399536183,0.011002119209517804,False
16,layer15-hidden,13352,389,389,4096,497,0.25,30896,0.010193152425494853,0.01256880530726263,False
16,layer16-hidden,13352,389,389,4096,496,0.5,30848,0.011128792287834558,0.014665411946540596,False
16,layer17-hidden,13352,389,389,4096,493,0.25,30880,0.009695656871100272,0.013563071368535615,False
16,layer18-hidden,13352,389,389,4096,517,0.25,30784,0.009335305083952632,0.014449389881120548,False
16,layer19-hidden,13352,389,389,4096,501,0.25,31008,0.009271061326375474,0.016956630034725334,False
16,layer20-hidden,13352,389,389,4096,570,0.25,31104,0.008845962009229298,0.0180845301607539,False
16,layer21-hidden,13352,389,389,4096,534,0.15625,31232,0.008905033288053706,0.019827958945562583,False
16,layer22-hidden,13352,389,389,4096,638,0.1875,31008,0.00797349324416102,0.02179426429760661,False
16,layer23-hidden,13352,389,389,4096,621,0.25,31136,0.008363006632221025,0.02924153302622784,False
16,layer24-hidden,13352,389,389,4096,623,0.25,31256,0.008119490735822295,0.03641580121036554,False
16,layer25-hidden,13352,389,389,4096,655,0.25,31268,0.00792726260462424,0.04073411369548574,False
16,layer26-hidden,13352,389,389,4096,658,0.3125,31416,0.008073873173016163,0.04890256839530036,False
16,layer27-hidden,13352,389,389,4096,680,0.375,31584,0.008261625208371419,0.05710231549855133,False
16,layer28-hidden,13352,389,389,4096,714,0.5,31296,0.00826279405005238,0.0673197592936896,False
16,layer29-hidden,13352,389,389,4096,700,2.0,31568,0.008553637069154765,0.08242965607911543,False
16,layer30-hidden,13352,389,389,4096,701,2.0,31488,0.007984960240047335,0.09684497679018444,False
16,layer31-hidden,13352,389,389,4096,688,4.0,31728,0.008715198952470861,0.12240767329204216,False
16,layer32-hidden,13352,389,389,4096,642,4.0,31583,0.008462206736127457,0.13647173430028037,False
16,layer33-hidden,13352,389,389,4096,616,4.0,31840,0.007939044620905349,0.14983216780306166,False
16,layer34-hidden,13352,389,389,4096,561,8.0,31808,0.007511056802430801,0.2007309275345245,False
16,layer35-hidden,13352,389,389,4096,671,8.0,31725,0.007238311923588295,0.2157191837199349,False
16,final-norm,13352,389,389,4096,606,0.25,30721,0.005917775208429866,0.015541817172434894,False
16,logits,13352,389,389,151936,40401,0.125,31283,0.00688652912696301,0.025750528558161012,False
39,layer0-hidden,9104,11,11,4096,3469,0.00390625,28672,0.0012880465465447731,0.0002915687665157878,False
39,layer1-hidden,9104,11,11,4096,2358,0.0078125,14976,0.0025360444196434523,0.0006915314755242571,False
39,layer2-hidden,9104,11,11,4096,1845,0.0078125,29440,0.0036427470351070306,0.0010807366920307646,False
39,layer3-hidden,9104,11,11,4096,1315,0.0078125,29984,0.004359477244211403,0.001498338961638838,False
39,layer4-hidden,9104,11,11,4096,1221,0.0078125,30144,0.004367671459747234,0.002125287583404851,False
39,layer5-hidden,9104,11,11,4096,1111,0.015625,30208,0.004762210125650176,0.003007155193172188,False
39,layer6-hidden,9104,11,11,4096,1025,0.046875,30376,0.005129097227796695,0.00415452523336294,False
39,layer7-hidden,9104,11,11,4096,862,0.125,30288,0.006522052605654,0.005717620906905932,False
39,layer8-hidden,9104,11,11,4096,788,0.0546875,30688,0.007193180402303811,0.00670985151116176,False
39,layer9-hidden,9104,11,11,4096,727,0.125,30688,0.00820414302791262,0.008100339038023274,False
39,layer10-hidden,9104,11,11,4096,709,0.25,30848,0.009129296237825338,0.010279158269121751,False
39,layer11-hidden,9104,11,11,4096,681,0.25,30768,0.009470440900186776,0.010836916466131132,False
39,layer12-hidden,9104,11,11,4096,588,0.25,30704,0.009455968222466932,0.011545262975717195,False
39,layer13-hidden,9104,11,11,4096,565,0.25,30784,0.00963409638313851,0.012545402553430276,False
39,layer14-hidden,9104,11,11,4096,558,0.25,30816,0.009983138422283697,0.013578321798544218,False
39,layer15-hidden,9104,11,11,4096,529,0.5,31040,0.01100772046751616,0.016310313799820494,False
39,layer16-hidden,9104,11,11,4096,521,0.5,30970,0.010485858015936522,0.01674867927833338,False
39,layer17-hidden,9104,11,11,4096,512,0.25,30948,0.009863585957099977,0.016273648356455787,False
39,layer18-hidden,9104,11,11,4096,463,0.125,30936,0.009757863291100767,0.01693872621797511,False
39,layer19-hidden,9104,11,11,4096,464,0.25,31088,0.009043524143417149,0.0188223974671848,False
39,layer20-hidden,9104,11,11,4096,479,0.25,31104,0.009148507425577938,0.020067082895860094,False
39,layer21-hidden,9104,11,11,4096,464,0.25,31136,0.009403371307010544,0.0220657117915605,False
39,layer22-hidden,9104,11,11,4096,526,0.25,31296,0.008536773007368654,0.02386908182347014,False
39,layer23-hidden,9104,11,11,4096,588,0.5,31296,0.00848684363796856,0.029334071104267265,False
39,layer24-hidden,9104,11,11,4096,649,0.25,31280,0.007596130038807623,0.03393160995281264,False
39,layer25-hidden,9104,11,11,4096,648,0.25,31456,0.007632963293203533,0.038498550246760424,False
39,layer26-hidden,9104,11,11,4096,609,0.25,31104,0.007541483693256202,0.043708388019804874,False
39,layer27-hidden,9104,11,11,4096,614,1.0,31360,0.007966881428035142,0.05342150973695543,False
39,layer28-hidden,9104,11,11,4096,662,1.0,31604,0.007915157530010847,0.061251248370260386,False
39,layer29-hidden,9104,11,11,4096,668,0.5,31448,0.00758413476491973,0.06743464841563979,False
39,layer30-hidden,9104,11,11,4096,643,0.5,31566,0.007076626794525284,0.07632122832277186,False
39,layer31-hidden,9104,11,11,4096,602,0.5,31536,0.007140516649228034,0.08748621752238464,False
39,layer32-hidden,9104,11,11,4096,578,0.75,31648,0.007249601116607436,0.10212549555759605,False
39,layer33-hidden,9104,11,11,4096,532,1.0,31696,0.006914602462793695,0.11552462409609994,False
39,layer34-hidden,9104,11,11,4096,571,1.5,31872,0.005394771347638169,0.13250094667028822,False
39,layer35-hidden,9104,11,11,4096,584,4.0,31792,0.006431264393430425,0.16558032833761704,False
39,final-norm,9104,11,11,4096,554,0.5,30864,0.005710957392020369,0.015911456673282056,False
39,logits,9104,11,11,151936,39947,0.1875,31307,0.006560731719287106,0.02887079000377463,False
