position,generation,captured,prepare_write_bank_ns,prepare_write_census_ns,prepare_write_difference_ns,prepare_write_census_over_bank,prepare_write_change_percent,flush_to_frame_read_bank_ns,flush_to_frame_read_census_ns,flush_to_frame_read_difference_ns,flush_to_frame_read_census_over_bank,flush_to_frame_read_change_percent,validate_retain_commit_bank_ns,validate_retain_commit_census_ns,validate_retain_commit_difference_ns,validate_retain_commit_census_over_bank,validate_retain_commit_change_percent,total_bank_ns,total_census_ns,total_difference_ns,total_census_over_bank,total_change_percent
0,1,True,176050,175780,-270,0.998466,-0.153366,13000128019,13159316907,159188888,1.012245,1.224518,2571012,2645042,74030,1.028794,2.879411,13002875081,13162137729,159262648,1.012248,1.224826
1,2,False,44300,38330,-5970,0.865237,-13.476298,12995821356,13032212228,36390872,1.002800,0.280020,380390,325500,-54890,0.855701,-14.429927,12996246046,13032576058,36330012,1.002795,0.279542
2,3,False,42570,36470,-6100,0.856707,-14.329340,2872874591,1904350171,-968524420,0.662873,-33.712729,237650,217300,-20350,0.914370,-8.563013,2873154811,1904603941,-968550870,0.662896,-33.710361
3,4,False,22670,39380,16710,1.737097,73.709749,2873937071,1904850751,-969086320,0.662802,-33.719817,225500,276550,51050,1.226386,22.638581,2874185241,1905166681,-969018560,0.662855,-33.714548
4,5,False,26600,29610,3010,1.113158,11.315789,2883884768,1905097241,-978787527,0.660601,-33.939897,210280,182500,-27780,0.867890,-13.210957,2884121648,1905309351,-978812297,0.660620,-33.937969
5,6,True,23750,24860,1110,1.046737,4.673684,2877484994,1899194407,-978290587,0.660019,-33.998113,2545272,2510782,-34490,0.986449,-1.355061,2880054016,1901730049,-978323967,0.660311,-33.968945
6,7,False,25770,28240,2470,1.095848,9.584789,2875182322,1903057060,-972125262,0.661891,-33.810908,278290,256900,-21390,0.923138,-7.686227,2875486382,1903342200,-972144182,0.661920,-33.807991
7,8,False,24890,22670,-2220,0.910808,-8.919245,2868238118,1898194597,-970043521,0.661798,-33.820188,286630,284150,-2480,0.991348,-0.865227,2868549638,1898501417,-970048221,0.661833,-33.816679
8,9,False,23830,25610,1780,1.074696,7.469576,2873643642,1905036171,-968607471,0.662934,-33.706597,273320,318750,45430,1.166215,16.621543,2873940792,1905380531,-968560261,0.662985,-33.701469
9,10,False,22590,25960,3370,1.149181,14.918105,2876566403,1911901225,-964665178,0.664647,-33.535300,257870,231850,-26020,0.899096,-10.090356,2876846863,1912159035,-964687828,0.664672,-33.532818
10,11,False,22790,24870,2080,1.091268,9.126810,2876130273,1906244482,-969885791,0.662781,-33.721901,248030,215920,-32110,0.870540,-12.946015,2876401093,1906485272,-969915821,0.662802,-33.719770
11,12,False,30580,24870,-5710,0.813277,-18.672335,2873688752,1902983310,-970705442,0.662209,-33.779074,275270,242750,-32520,0.881861,-11.813855,2873994602,1903250930,-970743672,0.662232,-33.776809
12,13,False,42140,26100,-16040,0.619364,-38.063598,2875712982,1904028040,-971684942,0.662106,-33.789358,241220,252150,10930,1.045311,4.531133,2875996342,1904306290,-971690052,0.662138,-33.786206
13,14,False,28161,27380,-781,0.972267,-2.773339,2868864468,1907625333,-961239135,0.664941,-33.505910,206520,311030,104510,1.506053,50.605268,2869099149,1907963743,-961135406,0.665004,-33.499554
14,15,False,23310,24980,1670,1.071643,7.164307,2865604266,1911088175,-954516091,0.666906,-33.309418,205471,265630,60159,1.292786,29.278584,2865833047,1911378785,-954454262,0.666954,-33.304601
15,16,False,22050,23880,1830,1.082993,8.299320,2861840434,1910416214,-951424220,0.667548,-33.245188,216750,174890,-41860,0.806874,-19.312572,2862079234,1910614984,-951464250,0.667562,-33.243812
16,17,True,22260,23050,790,1.035490,3.548967,2865903536,1913402426,-952501110,0.667644,-33.235631,2595192,2571392,-23800,0.990829,-0.917081,2868520988,1915996868,-952524120,0.667939,-33.206106
17,18,False,22450,32480,10030,1.446771,44.677060,2874915742,1913182146,-961733596,0.665474,-33.452584,355270,272110,-83160,0.765925,-23.407549,2875293462,1913486736,-961806726,0.665493,-33.450733
18,19,False,25960,24330,-1630,0.937211,-6.278891,2870395790,1906301502,-964094288,0.664125,-33.587504,293030,234830,-58200,0.801386,-19.861448,2870714780,1906560662,-964154118,0.664141,-33.585856
19,20,False,23670,22810,-860,0.963667,-3.633291,2867175347,1909338543,-957836804,0.665930,-33.406984,246500,250721,4221,1.017124,1.712373,2867445517,1909612074,-957833443,0.665963,-33.403719
20,21,False,24280,24750,470,1.019357,1.935750,2870514170,1910480404,-960033766,0.665553,-33.444662,300350,187020,-113330,0.622674,-37.732645,2870838800,1910692174,-960146626,0.665552,-33.444812
21,22,False,25190,22380,-2810,0.888448,-11.155220,2874569112,1908996113,-965572999,0.664098,-33.590182,236070,202961,-33109,0.859749,-14.025077,2874830372,1909221454,-965608918,0.664116,-33.588379
22,23,False,24120,28320,4200,1.174129,17.412935,2871430690,1904259540,-967171150,0.663174,-33.682553,341300,254520,-86780,0.745737,-25.426311,2871796110,1904542380,-967253730,0.663189,-33.681142
23,24,False,24380,26260,1880,1.077112,7.711239,2875382973,1899223977,-976158996,0.660512,-33.948834,250090,248821,-1269,0.994926,-0.507417,2875657443,1899499058,-976158385,0.660544,-33.945573
24,25,False,24470,25140,670,1.027380,2.738047,2859357592,1911016954,-948340638,0.668338,-33.166213,306210,252300,-53910,0.823944,-17.605565,2859688272,1911294394,-948393878,0.668358,-33.164240
25,26,False,23930,23780,-150,0.993732,-0.626828,2873049751,1906877562,-966172189,0.663712,-33.628801,309761,271181,-38580,0.875452,-12.454764,2873383442,1907172523,-966210919,0.663738,-33.626244
26,27,False,23180,33770,10590,1.456859,45.685936,2867693117,1909840904,-957852213,0.665985,-33.401489,239020,248970,9950,1.041628,4.162832,2867955317,1910123644,-957831673,0.666023,-33.397720
27,28,False,25150,35540,10390,1.413121,41.312127,2877958064,1906880132,-971077932,0.662581,-33.741907,221170,215410,-5760,0.973957,-2.604332,2878204384,1907131082,-971073302,0.662611,-33.738858
28,29,False,23931,31410,7479,1.312524,31.252351,2872270220,1901494029,-970776191,0.662018,-33.798219,249800,262740,12940,1.051801,5.180144,2872543951,1901788179,-970755772,0.662057,-33.794288
29,30,False,25550,25770,220,1.008611,0.861057,2870660790,1903188400,-967472390,0.662979,-33.702080,283180,222960,-60220,0.787344,-21.265626,2870969520,1903437130,-967532390,0.662995,-33.700546
30,31,False,23980,24250,270,1.011259,1.125938,2875809453,1904265860,-971543593,0.662167,-33.783309,244370,241780,-2590,0.989401,-1.059868,2876077803,1904531890,-971545913,0.662198,-33.780238
31,32,False,21920,27630,5710,1.260493,26.049270,2873278351,1908492263,-964786088,0.664221,-33.577885,253180,199451,-53729,0.787783,-21.221660,2873553451,1908719344,-964834107,0.664237,-33.576341
32,33,False,25500,27250,1750,1.068627,6.862745,2877069023,1909631933,-967437090,0.663742,-33.625787,212471,260070,47599,1.224026,22.402587,2877306994,1909919253,-967387741,0.663787,-33.621290
33,34,False,24950,27600,2650,1.106212,10.621242,2870563129,1909727114,-960836015,0.665280,-33.472039,311660,329560,17900,1.057434,5.743438,2870899739,1910084274,-960815465,0.665326,-33.467399
34,35,False,26850,29951,3101,1.115493,11.549348,2871628620,1903805120,-967823500,0.662971,-33.702948,293530,251890,-41640,0.858141,-14.185944,2871949000,1904086961,-967862039,0.662995,-33.700530
35,36,False,24051,24660,609,1.025321,2.532119,2865851326,1911346005,-954505321,0.666938,-33.306170,282350,227150,-55200,0.804498,-19.550204,2866157727,1911597815,-954559912,0.666955,-33.304514
36,37,False,24860,23780,-1080,0.956557,-4.344328,2860250423,1910014884,-950235539,0.667779,-33.222110,291280,268360,-22920,0.921313,-7.868717,2860566563,1910307024,-950259539,0.667807,-33.219277
37,38,False,27510,22950,-4560,0.834242,-16.575791,2878513375,1908524923,-969988452,0.663025,-33.697549,278810,218200,-60610,0.782612,-21.738819,2878819695,1908766073,-970053622,0.663038,-33.696227
38,39,False,24280,22030,-2250,0.907331,-9.266886,2880693466,1905788102,-974905364,0.661573,-33.842732,230230,194320,-35910,0.844026,-15.597446,2880947976,1906004452,-974943524,0.661589,-33.841067
39,40,True,41740,24100,-17640,0.577384,-42.261620,2875889103,1908480793,-967408310,0.663614,-33.638582,2593231,2498531,-94700,0.963482,-3.651815,2878524074,1911003424,-967520650,0.663883,-33.611692
