position,generation,captured,prepare_write_default_ns,prepare_write_scoped_ns,prepare_write_difference_ns,prepare_write_scoped_over_default,prepare_write_change_percent,flush_to_frame_read_default_ns,flush_to_frame_read_scoped_ns,flush_to_frame_read_difference_ns,flush_to_frame_read_scoped_over_default,flush_to_frame_read_change_percent,validate_retain_commit_default_ns,validate_retain_commit_scoped_ns,validate_retain_commit_difference_ns,validate_retain_commit_scoped_over_default,validate_retain_commit_change_percent,total_default_ns,total_scoped_ns,total_difference_ns,total_scoped_over_default,total_change_percent
0,1,True,189910,181390,-8520,0.955137,-4.486336,13008147384,12922022110,-86125274,0.993379,-0.662087,2601791,2643122,41331,1.015886,1.588560,13010939085,12924846622,-86092463,0.993383,-0.661693
1,2,False,46780,38980,-7800,0.833262,-16.673792,12875526022,12915193186,39667164,1.003081,0.308082,319890,377250,57360,1.179312,17.931164,12875892692,12915609416,39716724,1.003085,0.308458
2,3,False,33680,37500,3820,1.113420,11.342043,14941874182,5318354777,-9623519405,0.355936,-64.406374,246800,374690,127890,1.518193,51.819287,14942154662,5318766967,-9623387695,0.355957,-64.404284
3,4,False,40770,38810,-1960,0.951925,-4.807456,14930314135,5305065479,-9625248656,0.355322,-64.467824,390031,508850,118819,1.304640,30.463989,14930744936,5305613139,-9625131797,0.355348,-64.465181
4,5,False,36890,26330,-10560,0.713744,-28.625644,14931012675,5312897224,-9618115451,0.355830,-64.417034,260230,220340,-39890,0.846713,-15.328748,14931309795,5313143894,-9618165901,0.355839,-64.416090
5,6,True,32100,31040,-1060,0.966978,-3.302181,14850951196,5311513792,-9539437404,0.357655,-64.234521,2588542,2657202,68660,1.026525,2.652458,14853571838,5314202034,-9539369804,0.357773,-64.222733
6,7,False,33530,32210,-1320,0.960632,-3.936773,14933665157,5313993634,-9619671523,0.355840,-64.416012,282470,350250,67780,1.239955,23.995469,14933981157,5314376094,-9619605063,0.355858,-64.414204
7,8,False,36910,34420,-2490,0.932539,-6.746139,14924417492,5320216258,-9604201234,0.356477,-64.352269,437240,327300,-109940,0.748559,-25.144086,14924891642,5320577978,-9604313664,0.356490,-64.350978
8,9,False,38010,31731,-6279,0.834807,-16.519337,14910805783,5318755147,-9592050636,0.356705,-64.329526,320800,300450,-20350,0.936565,-6.343516,14911164593,5319087328,-9592077265,0.356718,-64.328156
9,10,False,35940,39650,3710,1.103228,10.322760,14930938986,5295791133,-9635147853,0.354686,-64.531426,305300,295360,-9940,0.967442,-3.255814,14931280226,5296126143,-9635154083,0.354700,-64.529993
10,11,False,32770,36150,3380,1.103143,10.314312,14890361970,5305995429,-9584366541,0.356338,-64.366243,249241,182100,-67141,0.730618,-26.938184,14890643981,5306213679,-9584430302,0.356345,-64.365452
11,12,False,41200,28260,-12940,0.685922,-31.407767,14919581548,5322314569,-9597266979,0.356734,-64.326650,333580,365620,32040,1.096049,9.604892,14919956328,5322708449,-9597247879,0.356751,-64.324906
12,13,False,38530,28910,-9620,0.750324,-24.967558,14846689624,5292990812,-9553698812,0.356510,-64.349017,333960,215430,-118530,0.645077,-35.492275,14847062114,5293235152,-9553826962,0.356517,-64.348266
13,14,False,32390,23760,-8630,0.733560,-26.644026,14846662323,5307604600,-9539057723,0.357495,-64.250520,281380,357630,76250,1.270986,27.098586,14846976093,5307985990,-9538990103,0.357513,-64.248707
14,15,False,29380,28230,-1150,0.960858,-3.914227,14846915484,5349415436,-9497500048,0.360305,-63.969516,397880,279880,-118000,0.703428,-29.657183,14847342744,5349723546,-9497619198,0.360315,-63.968478
15,16,False,34820,25480,-9340,0.731763,-26.823665,14831511264,5448675508,-9382835756,0.367372,-63.262843,9680716,489970,-9190746,0.050613,-94.938701,14841226800,5449190958,-9392035842,0.367166,-63.283420
16,17,True,35290,37910,2620,1.074242,7.424199,14853837738,5431131557,-9422706181,0.365638,-63.436173,2896641,2617102,-279539,0.903495,-9.650454,14856769669,5433786569,-9422983100,0.365745,-63.425518
17,18,False,40850,28120,-12730,0.688372,-31.162791,14933031957,5416295117,-9516736840,0.362706,-63.729435,327720,361070,33350,1.101764,10.176370,14933400527,5416684307,-9516716220,0.362723,-63.727724
18,19,False,32610,30090,-2520,0.922723,-7.727691,14904428420,5439787012,-9464641408,0.364978,-63.502210,332710,425851,93141,1.279946,27.994650,14904793740,5440242953,-9464550787,0.365000,-63.500045
19,20,False,39420,26870,-12550,0.681634,-31.836631,14923604011,5445937795,-9477666216,0.364921,-63.507891,308990,953871,644881,3.087061,208.706107,14923952421,5446918536,-9477033885,0.364978,-63.502172
20,21,False,40090,33410,-6680,0.833375,-16.662509,14908893352,5432399978,-9476493374,0.364373,-63.562688,275180,364680,89500,1.325242,32.524166,14909208622,5432798068,-9476410554,0.364392,-63.560788
21,22,False,36310,30470,-5840,0.839163,-16.083723,14919849879,5433077098,-9486772781,0.364151,-63.584908,238180,153260,-84920,0.643463,-35.653707,14920124369,5433260828,-9486863541,0.364157,-63.584346
22,23,False,32570,33200,630,1.019343,1.934295,14937551359,5430767856,-9506783503,0.363565,-63.643520,307071,466121,159050,1.517958,51.795839,14937891000,5431267177,-9506623823,0.363590,-63.641004
23,24,False,31870,28950,-2920,0.908378,-9.162222,14932162836,5410661914,-9521500922,0.362350,-63.765049,410150,235720,-174430,0.574717,-42.528343,14932604856,5410926584,-9521678272,0.362357,-63.764349
24,25,False,35990,33880,-2110,0.941373,-5.862740,14943246063,5394604664,-9548641399,0.361006,-63.899379,232780,360670,127890,1.549403,54.940287,14943514833,5394999214,-9548515619,0.361026,-63.897388
25,26,False,36350,25870,-10480,0.711692,-28.830812,14922235841,5419466590,-9502769251,0.363181,-63.681940,297330,405720,108390,1.364544,36.454445,14922569521,5419898180,-9502671341,0.363201,-63.679860
26,27,False,39640,35770,-3870,0.902371,-9.762866,14955240050,5410199774,-9545040276,0.361759,-63.824053,262291,327370,65079,1.248118,24.811755,14955541981,5410562914,-9544979067,0.361776,-63.822355
27,28,False,41410,25300,-16110,0.610964,-38.903646,14818207325,5405620811,-9412586514,0.364796,-63.520413,220270,202680,-17590,0.920143,-7.985654,14818469005,5405848791,-9412620214,0.364805,-63.519519
28,29,False,32490,46220,13730,1.422592,42.259157,14816943375,5400409417,-9416533958,0.364475,-63.552473,283890,462971,179081,1.630811,63.081123,14817259755,5400918608,-9416341147,0.364502,-63.549815
29,30,False,35130,36530,1400,1.039852,3.985198,14830675624,5399498497,-9431177127,0.364076,-63.592363,278180,232210,-45970,0.834747,-16.525271,14830988934,5399767237,-9431221697,0.364087,-63.591320
30,31,False,34430,27560,-6870,0.800465,-19.953529,14813161972,5417645308,-9395516664,0.365732,-63.426814,308761,227030,-81731,0.735294,-26.470636,14813505163,5417899898,-9395605265,0.365741,-63.425942
31,32,False,39780,23780,-16000,0.597788,-40.221217,14830499283,5409661764,-9420837519,0.364766,-63.523401,282310,314220,31910,1.113032,11.303177,14830821373,5409999764,-9420821609,0.364781,-63.521914
32,33,False,33270,23760,-9510,0.714157,-28.584310,14785072935,5396849495,-9388223440,0.365020,-63.497985,181950,295791,113841,1.625672,62.567189,14785288155,5397169046,-9388119109,0.365036,-63.496355
33,34,False,36740,31830,-4910,0.866358,-13.364181,14891571611,5422053201,-9469518410,0.364102,-63.589785,286831,345560,58729,1.204751,20.475123,14891895182,5422430591,-9469464591,0.364120,-63.588042
34,35,False,38900,23030,-15870,0.592031,-40.796915,14920071688,5439509172,-9480562516,0.364577,-63.542339,245881,290930,45049,1.183215,18.321464,14920356469,5439823132,-9480533337,0.364591,-63.540931
35,36,False,40580,45470,4890,1.120503,12.050271,14853118657,5405912841,-9447205816,0.363958,-63.604190,271470,327310,55840,1.205695,20.569492,14853430707,5406285621,-9447145086,0.363976,-63.602445
36,37,False,37260,26070,-11190,0.699678,-30.032206,14842496261,5418943569,-9423552692,0.365097,-63.490349,289590,211831,-77759,0.731486,-26.851411,14842823111,5419181470,-9423641641,0.365104,-63.489550
37,38,False,35660,27160,-8500,0.761638,-23.836231,14843092201,5406478371,-9436613830,0.364242,-63.575795,281940,372690,90750,1.321877,32.187700,14843409801,5406878221,-9436531580,0.364261,-63.573880
38,39,False,32760,24310,-8450,0.742063,-25.793651,14852301997,5415249637,-9437052360,0.364607,-63.539324,247730,229320,-18410,0.925685,-7.431478,14852582487,5415503267,-9437079220,0.364617,-63.538305
39,40,True,32290,25920,-6370,0.802725,-19.727470,14907027871,5407332502,-9499695369,0.362737,-63.726287,2729331,2786152,56821,1.020819,2.081865,14909789492,5410144574,-9499644918,0.362859,-63.714145
