position,generation,captured,prepare_write_scoped_ns,prepare_write_bank_ns,prepare_write_difference_ns,prepare_write_bank_over_scoped,prepare_write_change_percent,flush_to_frame_read_scoped_ns,flush_to_frame_read_bank_ns,flush_to_frame_read_difference_ns,flush_to_frame_read_bank_over_scoped,flush_to_frame_read_change_percent,validate_retain_commit_scoped_ns,validate_retain_commit_bank_ns,validate_retain_commit_difference_ns,validate_retain_commit_bank_over_scoped,validate_retain_commit_change_percent,total_scoped_ns,total_bank_ns,total_difference_ns,total_bank_over_scoped,total_change_percent
0,1,True,185340,177630,-7710,0.958401,-4.159922,13027183166,13163389210,136206044,1.010456,1.045553,2803811,2804861,1050,1.000374,0.037449,13030172317,13166371701,136199384,1.010453,1.045262
1,2,False,40490,35870,-4620,0.885898,-11.410225,12934653098,13206070597,271417499,1.020984,2.098375,287341,307940,20599,1.071688,7.168834,12934980929,13206414407,271433478,1.020984,2.098445
2,3,False,45710,34400,-11310,0.752571,-24.742945,5337875339,2896029965,-2441845374,0.542544,-45.745643,275090,210940,-64150,0.766804,-23.319641,5338196139,2896275305,-2441920834,0.542557,-45.744307
3,4,False,33760,27480,-6280,0.813981,-18.601896,5348468655,2905055391,-2443413264,0.543156,-45.684352,218250,376240,157990,1.723895,72.389462,5348720665,2905459111,-2443261554,0.543206,-45.679363
4,5,False,26580,30370,3790,1.142588,14.258841,5346042024,2893154904,-2452887120,0.541177,-45.882302,38464374,187800,-38276574,0.004882,-99.511756,5384532978,2893373074,-2491159904,0.537349,-46.265106
5,6,True,30180,22870,-7310,0.757787,-24.221339,5314756325,2903724620,-2411031705,0.546351,-45.364859,2485901,2698862,212961,1.085668,8.566753,5317272406,2906446352,-2410826054,0.546605,-45.339525
6,7,False,27620,25220,-2400,0.913106,-8.689356,5320904639,2895131384,-2425773255,0.544105,-45.589489,849820,266330,-583490,0.313396,-68.660422,5321782079,2895422934,-2426359145,0.544070,-45.592982
7,8,False,30110,23030,-7080,0.764862,-23.513783,5330454094,2890424852,-2440029242,0.542247,-45.775260,3805843,503221,-3302622,0.132223,-86.777673,5334290047,2890951103,-2443338944,0.541956,-45.804389
8,9,False,33090,24200,-8890,0.731339,-26.866123,5317809666,2881488976,-2436320690,0.541856,-45.814364,385371,266860,-118511,0.692476,-30.752444,5318228127,2881780036,-2436448091,0.541868,-45.813155
9,10,False,29540,22600,-6940,0.765064,-23.493568,5311780882,2892064973,-2419715909,0.544462,-45.553760,229600,326910,97310,1.423824,42.382404,5312040022,2892414483,-2419625539,0.544502,-45.549836
10,11,False,27250,26020,-1230,0.954862,-4.513761,5325876842,2892678943,-2433197899,0.543137,-45.686334,319140,239370,-79770,0.750047,-24.995300,5326223232,2892944333,-2433278899,0.543151,-45.684884
11,12,False,26040,25650,-390,0.985023,-1.497696,5309057291,2890806282,-2418251009,0.544505,-45.549537,224260,267450,43190,1.192589,19.258896,5309307591,2891099382,-2418208209,0.544534,-45.546583
12,13,False,25440,25430,-10,0.999607,-0.039308,5303178708,2888425121,-2414753587,0.544659,-45.534079,343270,322160,-21110,0.938503,-6.149678,5303547418,2888772711,-2414774707,0.544687,-45.531312
13,14,False,25010,24940,-70,0.997201,-0.279888,5312493233,2875376332,-2437116901,0.541248,-45.875200,256240,339491,83251,1.324895,32.489463,5312774483,2875740763,-2437033720,0.541288,-45.871206
14,15,False,26680,25950,-730,0.972639,-2.736132,5296938084,2902182709,-2394755375,0.547898,-45.210183,356240,222830,-133410,0.625505,-37.449472,5297321004,2902431489,-2394889515,0.547906,-45.209447
15,16,False,26730,26550,-180,0.993266,-0.673401,5302706927,2895255635,-2407451292,0.545996,-45.400421,168950,238380,69430,1.410950,41.094999,5302902607,2895520565,-2407382042,0.546026,-45.397440
16,17,True,24820,29020,4200,1.169218,16.921837,5318701187,2878866304,-2439834883,0.541272,-45.872757,2720632,2539522,-181110,0.933431,-6.656909,5321446639,2881434846,-2440011793,0.541476,-45.852415
17,18,False,27830,26810,-1020,0.963349,-3.665110,5299568105,2887535520,-2412032585,0.544862,-45.513758,301690,246220,-55470,0.816136,-18.386423,5299897625,2887808550,-2412089075,0.544880,-45.511994
18,19,False,26190,21910,-4280,0.836579,-16.342115,5312037523,2887062160,-2424975363,0.543494,-45.650569,275000,283850,8850,1.032182,3.218182,5312338713,2887367920,-2424970793,0.543521,-45.647895
19,20,False,25280,25690,410,1.016218,1.621835,5348350366,2891289532,-2457060834,0.540595,-45.940536,286260,433770,147510,1.515301,51.530078,5348661906,2891748992,-2456912914,0.540649,-45.935095
20,21,False,36610,25370,-11240,0.692980,-30.701994,5329337663,2899919528,-2429418135,0.544143,-45.585742,276031,284030,7999,1.028979,2.897863,5329650304,2900228928,-2429421376,0.544169,-45.583129
21,22,False,31960,25590,-6370,0.800688,-19.931164,5344689823,2891438983,-2453250840,0.540993,-45.900715,217740,201130,-16610,0.923716,-7.628364,5344939523,2891665703,-2453273820,0.541010,-45.899001
22,23,False,29080,21910,-7170,0.753439,-24.656121,5358078541,2886669159,-2471409382,0.538751,-46.124919,235360,322090,86730,1.368499,36.849932,5358342981,2887013159,-2471329822,0.538788,-46.121158
23,24,False,27250,26930,-320,0.988257,-1.174312,5335092608,2878132045,-2456960563,0.539472,-46.052819,330860,248590,-82270,0.751345,-24.865502,5335450718,2878407565,-2457043153,0.539487,-46.051276
24,25,False,26930,24900,-2030,0.924619,-7.538062,5336349818,2883107907,-2453241911,0.540277,-45.972284,252590,243610,-8980,0.964448,-3.555168,5336629338,2883376417,-2453252921,0.540299,-45.970083
25,26,False,23470,25980,2510,1.106945,10.694504,5345597804,2893930254,-2451667550,0.541367,-45.863300,322080,276230,-45850,0.857644,-14.235594,5345943354,2894232464,-2451710890,0.541389,-45.861146
26,27,False,27310,25220,-2090,0.923471,-7.652874,5331614125,2877841904,-2453772221,0.539769,-46.023065,197850,334810,136960,1.692242,69.224160,5331839285,2878201934,-2453637351,0.539814,-46.018592
27,28,False,25700,24390,-1310,0.949027,-5.097276,5339725320,2887883251,-2451842069,0.540830,-45.917007,303770,180550,-123220,0.594364,-40.563584,5340054790,2888088191,-2451966599,0.540835,-45.916506
28,29,False,25300,24010,-1290,0.949012,-5.098814,5365573086,2885544948,-2480028138,0.537789,-46.221123,216430,341131,124701,1.576172,57.617243,5365814816,2885910089,-2479904727,0.537833,-46.216741
29,30,False,26120,26570,450,1.017228,1.722818,5323607740,2896334145,-2427273595,0.544055,-45.594524,315731,227280,-88451,0.719853,-28.014671,5323949591,2896587995,-2427361596,0.544068,-45.593249
30,31,False,24640,27780,3140,1.127435,12.743506,5324489190,2880420706,-2444068484,0.540976,-45.902403,285880,256690,-29190,0.897894,-10.210578,5324799710,2880705176,-2444094534,0.540998,-45.900215
31,32,False,26510,25320,-1190,0.955111,-4.488872,5393092364,2897428186,-2495664178,0.537248,-46.275198,333690,283650,-50040,0.850040,-14.995954,5393452564,2897737156,-2495715408,0.537269,-46.273058
32,33,False,29700,21990,-7710,0.740404,-25.959596,5398327186,2898086587,-2500240599,0.536849,-46.315099,170900,219940,49040,1.286951,28.695143,5398527786,2898328517,-2500199269,0.536874,-46.312613
33,34,False,26210,26160,-50,0.998092,-0.190767,5395414625,2926056464,-2469358161,0.542323,-45.767718,268850,329750,60900,1.226520,22.652036,5395709685,2926412374,-2469297311,0.542359,-45.764088
34,35,False,26470,26990,520,1.019645,1.964488,5371875440,2889106761,-2482768679,0.537821,-46.217912,303760,259120,-44640,0.853042,-14.695812,5372205670,2889392871,-2482812799,0.537841,-46.215893
35,36,False,24660,24410,-250,0.989862,-1.013788,5370734889,2898417367,-2472317522,0.539669,-46.033133,265251,369480,104229,1.392945,39.294480,5371024800,2898811257,-2472213543,0.539713,-46.028712
36,37,False,23330,26890,3560,1.152593,15.259323,5349486666,2879643375,-2469843291,0.538303,-46.169725,380090,258110,-121980,0.679076,-32.092399,5349890086,2879928375,-2469961711,0.538315,-46.168457
37,38,False,23590,25010,1420,1.060195,6.019500,5369813399,2899380147,-2470433252,0.539941,-46.005942,175890,268981,93091,1.529257,52.925692,5370012879,2899674138,-2470338741,0.539975,-46.002473
38,39,False,26680,26690,10,1.000375,0.037481,5358329821,2901474348,-2456855473,0.541489,-45.851143,332210,161320,-170890,0.485596,-51.440354,5358688711,2901662358,-2457026353,0.541487,-45.851261
39,40,True,27090,24790,-2300,0.915098,-8.490218,5331477465,2910298554,-2421178911,0.545871,-45.412907,2617012,2498902,-118110,0.954868,-4.513162,5334121567,2912822246,-2421299321,0.546073,-45.392654
