position,generation,captured,prepare_write_default_ns,prepare_write_shared_ns,prepare_write_difference_ns,prepare_write_shared_over_default,prepare_write_change_percent,flush_to_frame_read_default_ns,flush_to_frame_read_shared_ns,flush_to_frame_read_difference_ns,flush_to_frame_read_shared_over_default,flush_to_frame_read_change_percent,validate_retain_commit_default_ns,validate_retain_commit_shared_ns,validate_retain_commit_difference_ns,validate_retain_commit_shared_over_default,validate_retain_commit_change_percent,total_default_ns,total_shared_ns,total_difference_ns,total_shared_over_default,total_change_percent
0,1,True,180780,182860,2080,1.011506,1.150570,13290714219,5662929701,-7627784518,0.426082,-57.391833,2605611,2480281,-125330,0.951900,-4.810004,13293500610,5665592842,-7627907768,0.426193,-57.380731
1,2,False,44630,33300,-11330,0.746135,-25.386511,13305889338,5642946008,-7662943330,0.424094,-57.590614,503481,210970,-292511,0.419023,-58.097724,13306437449,5643190278,-7663247171,0.424095,-57.590525
2,3,False,42110,30210,-11900,0.717407,-28.259321,15073150993,5960863355,-9112287638,0.395462,-60.453767,309311,216991,-92320,0.701530,-29.846982,15073502414,5961110556,-9112391858,0.395470,-60.453049
3,4,False,40040,27120,-12920,0.677323,-32.267732,14940158171,5942838553,-8997319618,0.397776,-60.222385,388860,268651,-120209,0.690868,-30.913182,14940587071,5943134324,-8997452747,0.397785,-60.221548
4,5,False,39580,25990,-13590,0.656645,-34.335523,14951960149,5948051307,-9003908842,0.397811,-60.218919,227140,200020,-27120,0.880602,-11.939773,14952226869,5948277317,-9003949552,0.397819,-60.218118
5,6,True,36580,39280,2700,1.073811,7.381083,15006865182,5960874615,-9045990567,0.397210,-60.279015,2629662,2523022,-106640,0.959447,-4.055274,15009531424,5963436917,-9046094507,0.397310,-60.269000
6,7,False,38000,40940,2940,1.077368,7.736842,14935325388,5950257618,-8985067770,0.398402,-60.159839,297020,226080,-70940,0.761161,-23.883914,14935660408,5950524638,-8985135770,0.398411,-60.158945
7,8,False,40020,25220,-14800,0.630185,-36.981509,14913189735,5966966129,-8946223606,0.400113,-59.988666,332190,210040,-122150,0.632289,-36.771125,14913561945,5967201389,-8946360556,0.400119,-59.988087
8,9,False,40950,22740,-18210,0.555311,-44.468864,14923473921,5939901832,-8983572089,0.398024,-60.197593,966961,264250,-702711,0.273279,-72.672114,14924481832,5940188822,-8984293010,0.398016,-60.198358
9,10,False,37970,41920,3950,1.104029,10.402950,14922362370,5959918965,-8962443405,0.399395,-60.060486,365470,233490,-131980,0.638876,-36.112403,14922765810,5960194375,-8962571435,0.399403,-60.059720
10,11,False,40460,25960,-14500,0.641621,-35.837865,14882482546,5939717052,-8942765494,0.399108,-60.089205,273490,196710,-76780,0.719258,-28.074153,14882796496,5939939722,-8942856774,0.399114,-60.088551
11,12,False,40190,24920,-15270,0.620055,-37.994526,14927804443,5938602201,-8989202242,0.397822,-60.217846,330511,210691,-119820,0.637470,-36.252954,14928175144,5938837812,-8989337332,0.397827,-60.217255
12,13,False,41120,23800,-17320,0.578794,-42.120623,14952810749,5956416442,-8996394307,0.398348,-60.165239,325250,235180,-90070,0.723075,-27.692544,14953177119,5956675422,-8996501697,0.398355,-60.164483
13,14,False,38960,21920,-17040,0.562628,-43.737166,14948691236,5924361923,-9024329313,0.396313,-60.368692,343561,267640,-75921,0.779017,-22.098259,14949073757,5924651483,-9024422274,0.396322,-60.367769
14,15,False,42360,27410,-14950,0.647073,-35.292729,14912390824,5942604113,-8969786711,0.398501,-60.149890,352610,223111,-129499,0.632742,-36.725844,14912785794,5942854634,-8969931160,0.398507,-60.149266
15,16,False,39060,24770,-14290,0.634153,-36.584741,14863417234,5947650097,-8915767137,0.400154,-59.984639,285850,239720,-46130,0.838622,-16.137835,14863742144,5947914587,-8915827557,0.400163,-59.983734
16,17,True,35550,21700,-13850,0.610408,-38.959212,14927730933,5946278356,-8981452577,0.398338,-60.166228,3481772,2432701,-1049071,0.698696,-30.130376,14931248255,5948732757,-8982515498,0.398408,-60.159173
17,18,False,40070,23210,-16860,0.579236,-42.076366,14913202755,5992101355,-8921101400,0.401798,-59.820158,545030,251570,-293460,0.461571,-53.842908,14913787855,5992376135,-8921411720,0.401801,-59.819892
18,19,False,42280,26650,-15630,0.630322,-36.967833,14886254168,5931739517,-8954514651,0.398471,-60.152907,315430,816870,501440,2.589703,158.970295,14886611878,5932583037,-8954028841,0.398518,-60.148198
19,20,False,37430,26670,-10760,0.712530,-28.746994,14916627457,5954127131,-8962500326,0.399160,-60.083959,308860,199420,-109440,0.645665,-35.433530,14916973747,5954353221,-8962620526,0.399166,-60.083370
20,21,False,41840,27110,-14730,0.647945,-35.205545,14952259459,5940552833,-9011706626,0.397301,-60.269865,287890,245550,-42340,0.852930,-14.707006,14952589189,5940825493,-9011763696,0.397311,-60.268918
21,22,False,40590,27210,-13380,0.670362,-32.963784,14925933693,5961427465,-8964506228,0.399401,-60.059936,251370,139451,-111919,0.554764,-44.523611,14926225653,5961594126,-8964631527,0.399404,-60.059601
22,23,False,38730,21240,-17490,0.548412,-45.158792,14978804235,5941958193,-9036846042,0.396691,-60.330891,275350,217190,-58160,0.788778,-21.122208,14979118315,5942196623,-9036921692,0.396699,-60.330131
23,24,False,37770,26870,-10900,0.711411,-28.858883,14966691658,5952083620,-9014608038,0.397689,-60.231134,308410,209110,-99300,0.678026,-32.197400,14967037838,5952319600,-9014718238,0.397695,-60.230477
24,25,False,34630,22640,-11990,0.653768,-34.623159,14941396402,5953379900,-8988016502,0.398449,-60.155130,288890,389260,100370,1.347433,34.743328,14941719922,5953791800,-8987928122,0.398468,-60.153237
25,26,False,38120,21591,-16529,0.566396,-43.360441,14928858154,5951210029,-8977648125,0.398638,-60.136201,355421,217140,-138281,0.610937,-38.906255,14929251695,5951448760,-8977802935,0.398643,-60.135653
26,27,False,38230,21710,-16520,0.567879,-43.212137,14938820170,5956512372,-8982307798,0.398727,-60.127290,256350,220130,-36220,0.858709,-14.129120,14939114750,5956754212,-8982360538,0.398735,-60.126458
27,28,False,36700,26260,-10440,0.715531,-28.446866,14946344865,5945486256,-9000858609,0.397789,-60.221136,342330,125130,-217200,0.365524,-63.447551,14946723895,5945637646,-9001086249,0.397789,-60.221131
28,29,False,37550,25260,-12290,0.672703,-32.729694,14945818195,5966642239,-8979175956,0.399218,-60.078183,307380,306510,-870,0.997170,-0.283037,14946163125,5966974009,-8979189116,0.399231,-60.076884
29,30,False,40950,22280,-18670,0.544078,-45.592186,14868640147,5974161813,-8894478334,0.401796,-59.820389,271580,287640,16060,1.059135,5.913543,14868952677,5974471733,-8894480944,0.401809,-59.819149
30,31,False,35060,28790,-6270,0.821164,-17.883628,14913852675,5970500511,-8943352164,0.400333,-59.966746,270901,245290,-25611,0.905460,-9.454007,14914158636,5970774591,-8943384045,0.400343,-59.965730
31,32,False,37840,22900,-14940,0.605180,-39.482030,14862689423,5969433711,-8893255712,0.401639,-59.836113,272360,245020,-27340,0.899618,-10.038185,14862999623,5969701631,-8893297992,0.401649,-59.835149
32,33,False,37880,39980,2100,1.055438,5.543823,14903471438,5965232788,-8938238650,0.400258,-59.974206,192041,191170,-871,0.995465,-0.453549,14903701359,5965463938,-8938237421,0.400267,-59.973272
33,34,False,36770,40720,3950,1.107425,10.742453,14911481823,5973278233,-8938203590,0.400582,-59.941753,331130,291610,-39520,0.880651,-11.934890,14911849723,5973610563,-8938239160,0.400595,-59.940513
34,35,False,39530,26670,-12860,0.674677,-32.532254,14905442530,5966206658,-8939235872,0.400270,-59.972965,262620,192130,-70490,0.731589,-26.841063,14905744680,5966425458,-8939319222,0.400277,-59.972309
35,36,False,35170,23030,-12140,0.654819,-34.518055,14907978311,5975069834,-8932908477,0.400797,-59.920321,252611,245910,-6701,0.973473,-2.652695,14908266092,5975338774,-8932927318,0.400807,-59.919291
36,37,False,32390,24700,-7690,0.762581,-23.741896,14960606144,5977197476,-8983408668,0.399529,-60.047090,252530,190470,-62060,0.754247,-24.575298,14960891064,5977412646,-8983478418,0.399536,-60.046413
37,38,False,39540,21890,-17650,0.553617,-44.638341,14917364477,5958241263,-8959123214,0.399416,-60.058352,309200,185380,-123820,0.599547,-40.045278,14917713217,5958448533,-8959264684,0.399421,-60.057896
38,39,False,41150,22600,-18550,0.549210,-45.078979,14934491238,5969754581,-8964736657,0.399729,-60.027064,199870,184130,-15740,0.921249,-7.875119,14934732258,5969961311,-8964770947,0.399737,-60.026325
39,40,True,35810,25430,-10380,0.710137,-28.986317,14925671642,5969753381,-8955918261,0.399965,-60.003452,2486832,2457501,-29331,0.988205,-1.179452,14928194284,5972236312,-8955957972,0.400064,-59.993579
