mode,position,phase,bank,bank_generation,layer,segment_host_ns
control,0,first-use,0,1,0,174578448
candidate,0,first-use,0,1,0,178285641
control,0,first-use,0,1,1,173812618
candidate,0,first-use,0,1,1,178879491
control,0,first-use,0,1,2,176507220
candidate,0,first-use,0,1,2,180177962
control,0,first-use,0,1,3,173641848
candidate,0,first-use,0,1,3,177414940
control,0,first-use,0,1,4,176874149
candidate,0,first-use,0,1,4,176121699
control,0,first-use,0,1,5,177593510
candidate,0,first-use,0,1,5,177085560
control,0,first-use,0,1,6,175919769
candidate,0,first-use,0,1,6,175790988
control,0,first-use,0,1,7,175678679
candidate,0,first-use,0,1,7,176873690
control,0,first-use,0,1,8,175262999
candidate,0,first-use,0,1,8,178876661
control,0,first-use,0,1,9,174725098
candidate,0,first-use,0,1,9,177730240
control,0,first-use,0,1,10,174665868
candidate,0,first-use,0,1,10,179657131
control,0,first-use,0,1,11,174694368
candidate,0,first-use,0,1,11,177275830
control,0,first-use,0,1,12,175698609
candidate,0,first-use,0,1,12,173659748
control,0,first-use,0,1,13,175233798
candidate,0,first-use,0,1,13,178093221
control,0,first-use,0,1,14,176302029
candidate,0,first-use,0,1,14,175573329
control,0,first-use,0,1,15,176964550
candidate,0,first-use,0,1,15,177042840
control,0,first-use,0,1,16,175513509
candidate,0,first-use,0,1,16,180525382
control,0,first-use,0,1,17,175950689
candidate,0,first-use,0,1,17,174970478
control,0,first-use,0,1,18,175683039
candidate,0,first-use,0,1,18,174970909
control,0,first-use,0,1,19,174176358
candidate,0,first-use,0,1,19,178248231
control,0,first-use,0,1,20,176693920
candidate,0,first-use,0,1,20,176388199
control,0,first-use,0,1,21,178640821
candidate,0,first-use,0,1,21,175733909
control,0,first-use,0,1,22,173756888
candidate,0,first-use,0,1,22,177932881
control,0,first-use,0,1,23,176405510
candidate,0,first-use,0,1,23,173163707
control,0,first-use,0,1,24,177172930
candidate,0,first-use,0,1,24,176774200
control,0,first-use,0,1,25,175329939
candidate,0,first-use,0,1,25,176124279
control,0,first-use,0,1,26,176001259
candidate,0,first-use,0,1,26,174868238
control,0,first-use,0,1,27,176128750
candidate,0,first-use,0,1,27,174384408
control,0,first-use,0,1,28,173633568
candidate,0,first-use,0,1,28,175427838
control,0,first-use,0,1,29,176967540
candidate,0,first-use,0,1,29,174812919
control,0,first-use,0,1,30,173873318
candidate,0,first-use,0,1,30,177429060
control,0,first-use,0,1,31,175968799
candidate,0,first-use,0,1,31,175400589
control,0,first-use,0,1,32,176875480
candidate,0,first-use,0,1,32,174797458
control,0,first-use,0,1,33,175400429
candidate,0,first-use,0,1,33,176486259
control,0,first-use,0,1,34,176184990
candidate,0,first-use,0,1,34,176464109
control,0,first-use,0,1,35,176498640
candidate,0,first-use,0,1,35,175155408
control,1,first-use,1,1,0,176557049
candidate,1,first-use,1,1,0,175482179
control,1,first-use,1,1,1,175518419
candidate,1,first-use,1,1,1,175191428
control,1,first-use,1,1,2,177688100
candidate,1,first-use,1,1,2,175260119
control,1,first-use,1,1,3,174266118
candidate,1,first-use,1,1,3,175657889
control,1,first-use,1,1,4,177222060
candidate,1,first-use,1,1,4,173545757
control,1,first-use,1,1,5,175307348
candidate,1,first-use,1,1,5,177825910
control,1,first-use,1,1,6,175631249
candidate,1,first-use,1,1,6,175947949
control,1,first-use,1,1,7,175385869
candidate,1,first-use,1,1,7,175823219
control,1,first-use,1,1,8,173812517
candidate,1,first-use,1,1,8,175405878
control,1,first-use,1,1,9,174361108
candidate,1,first-use,1,1,9,175426038
control,1,first-use,1,1,10,175907799
candidate,1,first-use,1,1,10,173766078
control,1,first-use,1,1,11,176698439
candidate,1,first-use,1,1,11,175309688
control,1,first-use,1,1,12,175280108
candidate,1,first-use,1,1,12,175919259
control,1,first-use,1,1,13,177985380
candidate,1,first-use,1,1,13,176062619
control,1,first-use,1,1,14,174520178
candidate,1,first-use,1,1,14,177992670
control,1,first-use,1,1,15,175367479
candidate,1,first-use,1,1,15,175412328
control,1,first-use,1,1,16,177176200
candidate,1,first-use,1,1,16,176879030
control,1,first-use,1,1,17,175733949
candidate,1,first-use,1,1,17,177889180
control,1,first-use,1,1,18,173604227
candidate,1,first-use,1,1,18,174884698
control,1,first-use,1,1,19,175670849
candidate,1,first-use,1,1,19,176647410
control,1,first-use,1,1,20,178915420
candidate,1,first-use,1,1,20,176392689
control,1,first-use,1,1,21,175658429
candidate,1,first-use,1,1,21,176961750
control,1,first-use,1,1,22,175510059
candidate,1,first-use,1,1,22,176351379
control,1,first-use,1,1,23,175186079
candidate,1,first-use,1,1,23,178246781
control,1,first-use,1,1,24,174974868
candidate,1,first-use,1,1,24,175810419
control,1,first-use,1,1,25,175743119
candidate,1,first-use,1,1,25,177072700
control,1,first-use,1,1,26,177022700
candidate,1,first-use,1,1,26,177393230
control,1,first-use,1,1,27,174152887
candidate,1,first-use,1,1,27,175515219
control,1,first-use,1,1,28,177888030
candidate,1,first-use,1,1,28,177784590
control,1,first-use,1,1,29,177927390
candidate,1,first-use,1,1,29,176177699
control,1,first-use,1,1,30,172173166
candidate,1,first-use,1,1,30,176482259
control,1,first-use,1,1,31,179993742
candidate,1,first-use,1,1,31,176266360
control,1,first-use,1,1,32,176824110
candidate,1,first-use,1,1,32,178161750
control,1,first-use,1,1,33,174139168
candidate,1,first-use,1,1,33,174578169
control,1,first-use,1,1,34,174810828
candidate,1,first-use,1,1,34,176210379
control,1,first-use,1,1,35,173892087
candidate,1,first-use,1,1,35,177995190
control,2,warm,0,2,0,161346800
candidate,2,warm,0,2,0,123240476
control,2,warm,0,2,1,162449070
candidate,2,warm,0,2,1,122947436
control,2,warm,0,2,2,161480360
candidate,2,warm,0,2,2,121193745
control,2,warm,0,2,3,161104519
candidate,2,warm,0,2,3,120955635
control,2,warm,0,2,4,160935399
candidate,2,warm,0,2,4,122240895
control,2,warm,0,2,5,163644672
candidate,2,warm,0,2,5,118912494
control,2,warm,0,2,6,161293060
candidate,2,warm,0,2,6,120417304
control,2,warm,0,2,7,161029080
candidate,2,warm,0,2,7,121652085
control,2,warm,0,2,8,163320391
candidate,2,warm,0,2,8,121080285
control,2,warm,0,2,9,161300960
candidate,2,warm,0,2,9,120171204
control,2,warm,0,2,10,163936502
candidate,2,warm,0,2,10,121085555
control,2,warm,0,2,11,161912841
candidate,2,warm,0,2,11,118275803
control,2,warm,0,2,12,162775641
candidate,2,warm,0,2,12,121127725
control,2,warm,0,2,13,162703830
candidate,2,warm,0,2,13,120184495
control,2,warm,0,2,14,164828112
candidate,2,warm,0,2,14,121931505
control,2,warm,0,2,15,161842370
candidate,2,warm,0,2,15,122529006
control,2,warm,0,2,16,165316222
candidate,2,warm,0,2,16,118328573
control,2,warm,0,2,17,161279980
candidate,2,warm,0,2,17,119702154
control,2,warm,0,2,18,162215300
candidate,2,warm,0,2,18,120043444
control,2,warm,0,2,19,164901352
candidate,2,warm,0,2,19,121579115
control,2,warm,0,2,20,161968960
candidate,2,warm,0,2,20,120730514
control,2,warm,0,2,21,161251440
candidate,2,warm,0,2,21,121353965
control,2,warm,0,2,22,162560401
candidate,2,warm,0,2,22,121910465
control,2,warm,0,2,23,161863390
candidate,2,warm,0,2,23,122058386
control,2,warm,0,2,24,162200010
candidate,2,warm,0,2,24,121731896
control,2,warm,0,2,25,162900741
candidate,2,warm,0,2,25,119527824
control,2,warm,0,2,26,161201400
candidate,2,warm,0,2,26,121723566
control,2,warm,0,2,27,161908920
candidate,2,warm,0,2,27,118649423
control,2,warm,0,2,28,161935120
candidate,2,warm,0,2,28,120920295
control,2,warm,0,2,29,161401230
candidate,2,warm,0,2,29,120719225
control,2,warm,0,2,30,163526981
candidate,2,warm,0,2,30,121538686
control,2,warm,0,2,31,163235541
candidate,2,warm,0,2,31,120575595
control,2,warm,0,2,32,164207992
candidate,2,warm,0,2,32,120735115
control,2,warm,0,2,33,164994422
candidate,2,warm,0,2,33,120964235
control,2,warm,0,2,34,164391702
candidate,2,warm,0,2,34,121037385
control,2,warm,0,2,35,164069232
candidate,2,warm,0,2,35,121944115
control,3,warm,1,2,0,161629990
candidate,3,warm,1,2,0,118990463
control,3,warm,1,2,1,161393140
candidate,3,warm,1,2,1,120147034
control,3,warm,1,2,2,161527420
candidate,3,warm,1,2,2,120447265
control,3,warm,1,2,3,160191209
candidate,3,warm,1,2,3,120393505
control,3,warm,1,2,4,161242880
candidate,3,warm,1,2,4,119983534
control,3,warm,1,2,5,159956609
candidate,3,warm,1,2,5,120328875
control,3,warm,1,2,6,160891230
candidate,3,warm,1,2,6,119522914
control,3,warm,1,2,7,163435091
candidate,3,warm,1,2,7,120196365
control,3,warm,1,2,8,161187080
candidate,3,warm,1,2,8,120434834
control,3,warm,1,2,9,161613420
candidate,3,warm,1,2,9,120840075
control,3,warm,1,2,10,160097520
candidate,3,warm,1,2,10,121721645
control,3,warm,1,2,11,160974520
candidate,3,warm,1,2,11,120651025
control,3,warm,1,2,12,162853511
candidate,3,warm,1,2,12,121300955
control,3,warm,1,2,13,161040279
candidate,3,warm,1,2,13,120944435
control,3,warm,1,2,14,162534231
candidate,3,warm,1,2,14,121173175
control,3,warm,1,2,15,163147531
candidate,3,warm,1,2,15,122755986
control,3,warm,1,2,16,160348489
candidate,3,warm,1,2,16,121168005
control,3,warm,1,2,17,161399610
candidate,3,warm,1,2,17,122654386
control,3,warm,1,2,18,162398800
candidate,3,warm,1,2,18,118285813
control,3,warm,1,2,19,160820080
candidate,3,warm,1,2,19,121761946
control,3,warm,1,2,20,161424060
candidate,3,warm,1,2,20,118366513
control,3,warm,1,2,21,160894040
candidate,3,warm,1,2,21,122888706
control,3,warm,1,2,22,161778690
candidate,3,warm,1,2,22,119428564
control,3,warm,1,2,23,160931280
candidate,3,warm,1,2,23,122415396
control,3,warm,1,2,24,162166760
candidate,3,warm,1,2,24,122401176
control,3,warm,1,2,25,163530142
candidate,3,warm,1,2,25,120677845
control,3,warm,1,2,26,161901200
candidate,3,warm,1,2,26,121374875
control,3,warm,1,2,27,160635120
candidate,3,warm,1,2,27,119522704
control,3,warm,1,2,28,163758921
candidate,3,warm,1,2,28,121508255
control,3,warm,1,2,29,160940170
candidate,3,warm,1,2,29,122152826
control,3,warm,1,2,30,161575940
candidate,3,warm,1,2,30,120013065
control,3,warm,1,2,31,165593592
candidate,3,warm,1,2,31,121336916
control,3,warm,1,2,32,160613650
candidate,3,warm,1,2,32,122285726
control,3,warm,1,2,33,162940801
candidate,3,warm,1,2,33,120060675
control,3,warm,1,2,34,164249251
candidate,3,warm,1,2,34,118512863
control,3,warm,1,2,35,160513090
candidate,3,warm,1,2,35,119729064
