position,generation,captured,prepare_write_census_ns,prepare_write_tail_ns,prepare_write_difference_ns,prepare_write_tail_over_census,prepare_write_change_percent,flush_to_frame_read_census_ns,flush_to_frame_read_tail_ns,flush_to_frame_read_difference_ns,flush_to_frame_read_tail_over_census,flush_to_frame_read_change_percent,validate_retain_commit_census_ns,validate_retain_commit_tail_ns,validate_retain_commit_difference_ns,validate_retain_commit_tail_over_census,validate_retain_commit_change_percent,total_census_ns,total_tail_ns,total_difference_ns,total_tail_over_census,total_change_percent
0,1,True,183700,181060,-2640,0.985629,-1.437126,12918968539,13015205518,96236979,1.007449,0.744928,2785551,2731372,-54179,0.980550,-1.945001,12921937790,13018117950,96180160,1.007443,0.744317
1,2,False,49510,42540,-6970,0.859220,-14.077964,12867631717,13060142596,192510879,1.014961,1.496086,292480,267170,-25310,0.913464,-8.653583,12867973707,13060452306,192478599,1.014958,1.495796
2,3,False,42990,43740,750,1.017446,1.744592,1907348912,1794909453,-112439459,0.941049,-5.895065,355861,283730,-72131,0.797306,-20.269431,1907747763,1795236923,-112510840,0.941024,-5.897574
3,4,False,44960,35080,-9880,0.780249,-21.975089,1902885939,1799661405,-103224534,0.945754,-5.424631,305550,253620,-51930,0.830044,-16.995582,1903236449,1799950105,-103286344,0.945731,-5.426879
4,5,False,36390,31391,-4999,0.862627,-13.737290,1894308745,1798549914,-95758831,0.949449,-5.055080,239280,249161,9881,1.041295,4.129472,1894584415,1798830466,-95753949,0.949459,-5.054087
5,6,True,31470,37170,5700,1.181125,18.112488,1906248391,1802765227,-103483164,0.945714,-5.428630,2569862,2637712,67850,1.026402,2.640220,1908849723,1805440109,-103409614,0.945826,-5.417378
6,7,False,28210,37790,9580,1.339596,33.959589,1904028160,1795648363,-108379797,0.943079,-5.692132,291711,382140,90429,1.309995,30.999517,1904348081,1796068293,-108279788,0.943141,-5.685924
7,8,False,32560,37390,4830,1.148342,14.834152,1892964753,1801960297,-91004456,0.951925,-4.807509,249530,398180,148650,1.595720,59.571995,1893246843,1802395867,-90850976,0.952013,-4.798686
8,9,False,34550,46200,11650,1.337192,33.719247,1902802070,1797945725,-104856345,0.944894,-5.510628,243700,336070,92370,1.379032,37.903160,1903080320,1798327995,-104752325,0.944956,-5.504356
9,10,False,30250,43080,12830,1.424132,42.413223,1903695420,1800094676,-103600744,0.945579,-5.442086,426660,328830,-97830,0.770707,-22.929265,1904152330,1800466586,-103685744,0.945548,-5.445244
10,11,False,43190,31510,-11680,0.729567,-27.043297,1904826751,1796214584,-108612167,0.942981,-5.701945,231710,242970,11260,1.048595,4.859523,1905101651,1796489064,-108612587,0.942989,-5.701144
11,12,False,33100,29010,-4090,0.876435,-12.356495,1902393339,1800909016,-101484323,0.946654,-5.334560,308171,220500,-87671,0.715512,-28.448816,1902734610,1801158526,-101576084,0.946616,-5.338426
12,13,False,34930,29490,-5440,0.844260,-15.574005,1901299058,1797603345,-103695713,0.945461,-5.453940,260860,292010,31150,1.119413,11.941271,1901594848,1797924845,-103670003,0.945483,-5.451740
13,14,False,27510,32150,4640,1.168666,16.866594,1903067170,1802889667,-100177503,0.947360,-5.264002,274290,279771,5481,1.019983,1.998250,1903368970,1803201588,-100167382,0.947374,-5.262636
14,15,False,31710,32740,1030,1.032482,3.248187,1899246748,1801431066,-97815682,0.948498,-5.150236,282350,337231,54881,1.194372,19.437223,1899560808,1801801037,-97759771,0.948536,-5.146441
15,16,False,31800,44020,12220,1.384277,38.427673,1900695538,1799335405,-101360133,0.946672,-5.332792,174790,254000,79210,1.453172,45.317238,1900902128,1799633425,-101268703,0.946726,-5.327402
16,17,True,32120,37480,5360,1.166874,16.687422,1895868215,1796197154,-99671061,0.947427,-5.257278,2746932,2560121,-186811,0.931993,-6.800714,1898647267,1798794755,-99852512,0.947409,-5.259140
17,18,False,38500,40680,2180,1.056623,5.662338,1900008578,1800508306,-99500272,0.947632,-5.236833,284850,336211,51361,1.180309,18.030893,1900331928,1800885197,-99446731,0.947669,-5.233124
18,19,False,32670,36130,3460,1.105908,10.590756,1898153337,1797951284,-100202053,0.947211,-5.278923,283520,239170,-44350,0.843574,-15.642635,1898469527,1798226584,-100242943,0.947198,-5.280198
19,20,False,31940,32370,430,1.013463,1.346274,1895371075,1801674877,-93696198,0.950566,-4.943422,332440,453620,121180,1.364517,36.451691,1895735455,1802160867,-93574588,0.950639,-4.936057
20,21,False,31480,44970,13490,1.428526,42.852605,1903822320,1800499877,-103322443,0.945729,-5.427105,261420,279220,17800,1.068090,6.808966,1904115220,1800824067,-103291153,0.945754,-5.424627
21,22,False,28020,32300,4280,1.152748,15.274804,1903652330,1798500095,-105152235,0.944763,-5.523710,217521,212270,-5251,0.975860,-2.414020,1903897871,1798744665,-105153206,0.944770,-5.523049
22,23,False,27450,32150,4700,1.171220,17.122040,1903928100,1798827045,-105101055,0.944798,-5.520222,307980,242290,-65690,0.786707,-21.329307,1904263530,1799101485,-105162045,0.944775,-5.522452
23,24,False,32050,34230,2180,1.068019,6.801872,1905657341,1798677845,-106979496,0.943862,-5.613784,282181,325210,43029,1.152487,15.248723,1905971572,1799037285,-106934287,0.943895,-5.610487
24,25,False,32570,32150,-420,0.987105,-1.289530,1911585185,1801528687,-110056498,0.942427,-5.757342,267360,315060,47700,1.178411,17.841113,1911885115,1801875897,-110009218,0.942460,-5.753966
25,26,False,27540,30820,3280,1.119099,11.909949,1908252223,1802225607,-106026616,0.944438,-5.556216,333940,208180,-125760,0.623405,-37.659460,1908613703,1802464607,-106149096,0.944384,-5.561581
26,27,False,31130,33580,2450,1.078702,7.870222,1907932403,1799588626,-108343777,0.943214,-5.678596,226270,235490,9220,1.040748,4.074778,1908189803,1799857696,-108332107,0.943228,-5.677219
27,28,False,30240,28130,-2110,0.930225,-6.977513,1892802253,1793477362,-99324891,0.947525,-5.247505,304100,203850,-100250,0.670339,-32.966130,1893136593,1793709342,-99427251,0.947480,-5.251985
28,29,False,29790,32040,2250,1.075529,7.552870,1898410287,1798467085,-99943202,0.947354,-5.264573,288670,287200,-1470,0.994908,-0.509232,1898728747,1798786325,-99942422,0.947364,-5.263649
29,30,False,29890,32340,2450,1.081967,8.196721,1903219310,1799742446,-103476864,0.945631,-5.436939,278470,239470,-39000,0.859949,-14.005099,1903527670,1800014256,-103513414,0.945620,-5.437978
30,31,False,35940,31510,-4430,0.876739,-12.326099,1899425508,1801346997,-98078511,0.948364,-5.163588,302990,320690,17700,1.058418,5.841777,1899764438,1801699197,-98065241,0.948380,-5.161968
31,32,False,29080,29500,420,1.014443,1.444292,1897098426,1801617377,-95481049,0.949670,-5.033004,305050,371660,66610,1.218358,21.835765,1897432556,1802018537,-95414019,0.949714,-5.028586
32,33,False,29930,40080,10150,1.339125,33.912462,1901359939,1794809792,-106550147,0.943961,-5.603891,235590,244651,9061,1.038461,3.846089,1901625459,1795094523,-106530936,0.943979,-5.602099
33,34,False,26560,29010,2450,1.092244,9.224398,1903467650,1801070906,-102396744,0.946205,-5.379484,338910,270750,-68160,0.798885,-20.111534,1903833120,1801370666,-102462454,0.946181,-5.381903
34,35,False,37150,35180,-1970,0.946972,-5.302826,1900427308,1798709295,-101718013,0.946476,-5.352376,242360,334780,92420,1.381334,38.133355,1900706818,1799079255,-101627563,0.946532,-5.346830
35,36,False,28040,42700,14660,1.522825,52.282454,1904740911,1795687594,-109053317,0.942746,-5.725362,423410,270250,-153160,0.638270,-36.172977,1905192361,1796000544,-109191817,0.942687,-5.731275
36,37,False,34900,32130,-2770,0.920630,-7.936963,1897480316,1803058097,-94422219,0.950238,-4.976190,310611,210881,-99730,0.678923,-32.107685,1897825827,1803301108,-94524719,0.950193,-4.980685
37,38,False,41260,31550,-9710,0.764663,-23.533689,1901448768,1788272508,-113176260,0.940479,-5.952107,181630,255930,74300,1.409073,40.907339,1901671658,1788559988,-113111670,0.940520,-5.948013
38,39,False,28141,34290,6149,1.218507,21.850681,1900795268,1789965340,-110829928,0.941693,-5.830714,295570,304260,8690,1.029401,2.940082,1901118979,1790303890,-110815089,0.941711,-5.828940
39,40,True,29460,35970,6510,1.220978,22.097760,1904375830,1801789497,-102586333,0.946131,-5.386874,2747452,2941082,193630,1.070476,7.047621,1907152742,1804766549,-102386193,0.946315,-5.368537
