position,generation,prepare_write_ns,flush_to_frame_read_ns,validate_retain_commit_ns,elapsed_ns
0,1,196620,12952667199,2601362,12955465181
1,2,38540,12913244755,272080,12913555375
2,3,31870,14854487668,289650,14854809188
3,4,26030,14939460701,300490,14939787221
4,5,28700,15000834239,191900,15001054839
5,6,23660,15019481651,2443891,15021949202
6,7,28370,15009007014,358810,15009394194
7,8,28950,14932572567,218330,14932819847
8,9,28160,14907163751,239230,14907431141
9,10,24630,14933143417,240570,14933408617
10,11,23300,14924583772,197710,14924804782
11,12,26300,14964664046,222590,14964912936
12,13,26470,14956120291,305861,14956452622
13,14,26780,14973458342,282640,14973767762
14,15,23350,14938807750,245510,14939076610
15,16,25360,14948165256,244301,14948434917
16,17,24560,14964219996,2460731,14966705287
17,18,24120,14948158806,255311,14948438237
18,19,26450,14900111686,213670,14900351806
19,20,24820,14928782704,210950,14929018474
20,21,22651,14911511123,242790,14911776564
21,22,27260,14890961181,158680,14891147121
22,23,27530,14910399193,272090,14910698813
23,24,27100,14898396055,511581,14898934736
24,25,24270,14913475314,240570,14913740154
25,26,24820,14975008093,287370,14975320283
26,27,24310,15006527063,260450,15006811823
27,28,23950,15017925499,202681,15018152130
28,29,27680,14985564109,428110,14986019899
29,30,28710,14910288943,299510,14910617163
30,31,31030,14890726911,1269061,14892027002
31,32,29290,14908141221,287520,14908458031
32,33,27000,14861990233,259730,14862276963
33,34,33430,14889975910,295970,14890305310
34,35,28050,14901446728,296700,14901771478
35,36,29570,14913055554,311700,14913396824
36,37,28890,14960219004,324090,14960571984
37,38,25770,14938638811,315370,14938979951
38,39,29560,14852823067,181010,14853033637
39,40,24680,14885964568,2555661,14888544909
